代號,名稱,收盤,漲跌,開盤,最高,最低,成交股數,成交金額(元),成交筆數,市場
00679B,元大美債20年,26.08,-0.14,26.14,26.14,26.04,"89,472,000","2,334,378,340","8,352",上櫃
00687B,國泰20年美債,27.12,-0.14,27.13,27.14,27.05,"29,766,000","806,866,350","3,055",上櫃
00687C,國泰20年美債+櫃U,9.03,-0.06,9.03,9.03,9.03,"25,000","225,750",2,上櫃
00694B,富邦美債1-3,41.64,+0.04,41.60,41.67,41.59,"308,000","12,821,090",28,上櫃
00695B,富邦美債7-10,34.75,-0.09,34.79,34.79,34.71,"912,000","31,705,630",29,上櫃
00696B,富邦美債20年,28.15,-0.12,28.17,28.17,28.09,"3,670,000","103,300,960",137,上櫃
00697B,元大美債7-10,35.27,-0.11,35.38,35.38,35.20,"1,190,000","42,022,170",139,上櫃
00719B,元大美債1-3,30.92,-0.02,30.93,30.97,30.90,"5,207,000","161,035,920",603,上櫃
00720B,元大投資級公司債,32.30,-0.17,32.31,32.32,32.26,"10,352,000","334,250,060","1,963",上櫃
00722B,群益投資級電信債,35.15,-0.22,35.30,35.30,35.13,"3,443,000","121,049,880",334,上櫃
00723B,群益投資級科技債,30.09,-0.18,30.11,30.15,30.07,"687,000","20,682,080",36,上櫃
00724B,群益投資級金融債,33.11,-0.18,33.27,33.27,33.08,"6,357,000","210,487,670",226,上櫃
00725B,國泰投資級公司債,34.37,-0.20,34.49,34.49,34.34,"5,992,000","205,946,020","1,112",上櫃
00726B,國泰新興投等債,32.33,-0.13,32.39,32.39,32.26,"441,000","14,249,260",60,上櫃
00727B,國泰優選非投等債,39.34,+0.07,39.27,39.34,39.27,"120,000","4,718,060",10,上櫃
00734B,台新JPM新興債,15.48,-0.16,15.49,15.49,15.48,"6,000","92,890",2,上櫃
00740B,富邦全球投等債,37.83,-0.22,37.96,37.99,37.81,"1,894,000","71,655,680",260,上櫃
00741B,富邦全球非投等債,37.13,+0.01,37.12,37.18,37.12,"119,000","4,419,820",10,上櫃
00746B,富邦A級公司債,34.83,-0.18,34.86,34.90,34.83,"1,102,000","38,417,210",42,上櫃
00749B,凱基新興債10+,30.90,-0.24,30.90,30.97,30.90,"122,000","3,775,700",8,上櫃
00750B,凱基科技債10+,32.33,-0.17,32.35,32.35,32.33,"101,000","3,265,350",3,上櫃
00751B,元大AAA至A公司債,31.01,-0.18,31.03,31.06,30.98,"9,390,000","291,160,140","1,609",上櫃
00754B,群益AAA-AA公司債,32.58,-0.19,32.61,32.61,32.54,"312,000","10,161,640",27,上櫃
00755B,群益投資級公用債,31.90,-0.18,31.90,31.94,31.87,"244,000","7,787,080",31,上櫃
00756B,群益投等新興公債,30.38,-0.19,30.55,30.55,30.37,"187,000","5,686,160",56,上櫃
00758B,復華能源債,50.35,除息,50.30,50.35,50.30,"102,000","5,135,600",3,上櫃
00759B,復華製藥債,53.10,除息,53.10,53.10,53.10,"104,000","5,522,400",6,上櫃
00760B,復華新興企業債,52.55,除息,52.20,52.65,52.20,"121,000","6,354,650",10,上櫃
00761B,國泰A級公司債,33.59,-0.21,33.79,33.79,33.56,"828,000","27,815,110",65,上櫃
00764B,群益25年美債,27.13,-0.14,27.18,27.18,27.08,"6,690,000","181,510,920",152,上櫃
00768B,復華20年美債,48.42,除息,48.45,48.46,48.35,"846,000","40,964,430",195,上櫃
00772B,中信高評級公司債,32.93,-0.16,33.05,33.05,32.90,"4,568,000","150,430,130",808,上櫃
00773B,中信優先金融債,35.15,-0.16,35.20,35.20,35.11,"2,045,000","71,891,690",123,上櫃
00777B,凱基AAA至A公司債,31.85,-0.20,31.85,31.86,31.85,"102,000","3,248,710",4,上櫃
00778B,凱基金融債20+,33.74,-0.21,33.74,33.74,33.71,"111,000","3,742,140",4,上櫃
00779B,凱基美債25+,27.45,-0.18,27.45,27.46,27.42,"341,000","9,363,300",11,上櫃
00780B,國泰A級金融債,36.62,-0.14,36.63,36.63,36.58,"286,000","10,468,110",15,上櫃
00781B,國泰A級科技債,28.12,-0.13,28.19,28.19,28.06,"170,000","4,777,100",23,上櫃
00782B,國泰A級公用債,29.81,-0.13,29.85,29.85,29.78,"136,000","4,055,950",21,上櫃
00785B,富邦金融投等債,34.30,-0.19,34.21,34.31,34.21,"71,000","2,435,410",6,上櫃
00786B,元大10年IG銀行債,32.32,-0.13,32.31,32.32,32.30,"57,000","1,841,810",6,上櫃
00787B,元大10年IG醫療債,31.94,-0.21,31.95,31.95,31.94,"19,000","606,870",5,上櫃
00788B,元大10年IG電能債,29.28,-0.15,29.30,29.32,29.22,"107,000","3,133,310",16,上櫃
00789B,復華公司債A3,47.18,-0.27,47.19,47.19,47.15,"922,000","43,498,380",10,上櫃
00791B,復華信用債1-5,56.45,+0.05,56.45,56.45,56.45,"100,000","5,645,000",2,上櫃
00792B,群益A級公司債,31.18,-0.20,31.36,31.36,31.17,"247,000","7,704,670",23,上櫃
00793B,群益AAA-A醫療債,30.23,-0.15,30.23,30.23,30.23,"50,000","1,511,500",2,上櫃
00795B,中信美國公債20年,26.03,-0.13,26.07,26.07,25.96,"9,459,000","246,065,960","1,005",上櫃
00799B,國泰A級醫療債,28.85,-0.17,29.00,29.00,28.83,"343,000","9,904,820",81,上櫃
00834B,第一金金融債10+,33.57,-0.13,33.60,33.60,33.55,"102,000","3,424,150",4,上櫃
00836B,永豐10年A公司債,28.30,-0.18,28.30,28.30,28.28,"83,000","2,348,810",10,上櫃
00840B,凱基IG精選15+,29.34,-0.18,29.25,29.34,29.25,"101,000","2,963,250",3,上櫃
00841B,凱基AAA-AA公司債,28.24,-0.18,28.18,28.24,28.18,"101,000","2,852,180",3,上櫃
00842B,台新美元銀行債,29.96,-0.10,30.01,30.01,29.75,"72,000","2,154,790",40,上櫃
00844B,新光15年IG金融債,30.85,-0.18,30.85,30.85,30.85,"160,000","4,936,000",2,上櫃
00845B,富邦新興投等債,32.76,-0.11,32.81,32.81,32.76,"171,000","5,603,410",8,上櫃
00846B,富邦歐洲銀行債,35.42,-0.09,35.45,35.45,35.42,"101,000","3,577,450",5,上櫃
00847B,中信美國市政債,24.97,-0.14,24.96,24.97,24.95,"118,000","2,944,340",7,上櫃
00848B,中信新興亞洲債,33.73,-0.05,33.73,33.73,33.65,"208,000","7,007,240",5,上櫃
00849B,中信EM主權債0-5,37.18,-0.04,37.15,37.20,37.15,"162,000","6,023,190",7,上櫃
00853B,統一美債10年Aa-A,27.20,-0.15,27.19,27.22,27.17,"1,059,000","28,798,540",19,上櫃
00856B,永豐1-3年美公債,37.56,-0.09,37.65,37.65,37.56,"6,000","225,450",2,上櫃
00857B,永豐20年美公債,22.61,-0.09,22.65,22.65,22.56,"1,755,000","39,655,780",199,上櫃
00858,永豐美國500大,35.33,-0.03,35.36,35.43,35.30,"451,000","15,940,820",135,上櫃
00859B,群益0-1年美債,41.15,+0.02,41.12,41.16,41.12,"1,703,000","70,059,550",83,上櫃
00860B,群益1-5Y投資級債,37.83,+0.03,37.80,37.85,37.79,"59,000","2,231,940",5,上櫃
00862B,中信投資級公司債,31.20,-0.16,31.20,31.21,31.17,"282,000","8,795,180",17,上櫃
00863B,中信全球電信債,31.56,-0.18,31.53,31.56,31.52,"222,000","7,003,710",10,上櫃
00864B,中信美國公債0-1,45.96,+0.01,45.93,46.00,45.92,"1,346,000","61,875,280",182,上櫃
00867B,新光A-BBB電信債,30.36,-0.18,30.50,30.50,30.36,"4,000","121,730",3,上櫃
00870B,元大15年EM主權債,27.62,-0.17,27.62,27.62,27.62,"1,000","27,620",1,上櫃
00877,復華中國5G,39.67,+0.33,39.55,40.36,39.46,"3,551,000","142,090,420",706,上櫃
00884B,中信低碳新興債,28.99,-0.16,29.03,29.03,28.98,"113,000","3,276,240",5,上櫃
00886,永豐美國科技,42.19,+0.16,42.17,42.20,42.15,"16,000","674,890",6,上櫃
00887,永豐中國科技50大,16.49,+0.45,16.22,16.68,16.22,"12,792,000","210,441,060","1,893",上櫃
00888,永豐台灣ESG,29.83,-0.13,30.03,30.08,29.70,"2,935,000","87,772,610","1,003",上櫃
00890B,凱基ESG BBB債15+,31.57,-0.27,31.75,31.75,31.55,"29,000","915,820",11,上櫃
00928,中信上櫃ESG 30,33.96,-0.38,34.90,34.98,33.84,"1,539,000","53,084,740",329,上櫃
00931B,統一美債20年,13.07,-0.07,13.09,13.09,13.05,"5,511,000","71,975,220",444,上櫃
00933B,國泰10Y+金融債,15.70,-0.08,15.75,15.75,15.69,"20,493,000","321,728,750","2,182",上櫃
00937B,群益ESG投等債20+,14.52,-0.10,14.55,14.56,14.50,"92,895,000","1,348,604,330","12,201",上櫃
00942B,台新美A公司債20+,14.00,-0.09,14.06,14.06,13.99,"3,529,000","49,449,540",595,上櫃
00948B,中信優息投資級債,9.26,-0.05,9.30,9.30,9.25,"16,567,000","153,393,810",751,上櫃
00950B,凱基A級公司債,13.82,-0.07,13.86,13.86,13.80,"8,688,000","120,018,230",711,上櫃
00955,中信日本商社,15.65,-0.36,15.87,15.87,15.62,"6,672,000","104,861,630","2,072",上櫃
00957B,兆豐US優選投等債,13.17,-0.06,13.23,13.23,13.14,"888,000","11,684,350",105,上櫃
00958B,永豐ESG銀行債15+,9.15,-0.03,9.18,9.18,9.13,"1,366,000","12,486,510",80,上櫃
00959B,大華投等美債15Y+,9.20,-0.06,9.25,9.25,9.19,"2,537,000","23,355,060",334,上櫃
00966B,統一ESG投等債15+,13.68,-0.10,13.75,13.75,13.67,"2,626,000","35,953,380",97,上櫃
00967B,元大優息美債,8.94,-0.03,8.96,8.96,8.92,"1,130,000","10,084,720",64,上櫃
00968B,元大優息投等債,9.14,-0.05,9.16,9.18,9.12,"2,762,000","25,229,290",261,上櫃
00969B,元大零息超長美債,7.93,-0.07,7.94,7.94,7.90,"684,000","5,416,660",70,上櫃
00970B,新光BBB投等債20+,9.18,-0.05,9.22,9.22,9.17,"2,188,000","20,081,930",149,上櫃
00980B,台新特選IG債10+,9.28,-0.05,9.32,9.32,9.26,"544,000","5,045,820",25,上櫃
00980D,主動聯博投等入息,20.12,-0.07,20.19,20.19,20.12,"1,796,000","36,156,440",172,上櫃
00980T,平衡凱基美國TOP,11.54,-0.05,11.59,11.59,11.52,"124,000","1,430,310",29,上櫃
00981B,第一金優選非投債,9.19,-0.01,9.19,9.20,9.18,"19,103,000","175,549,090","1,139",上櫃
00981D,主動中信非投等債,10.26,-0.01,10.27,10.28,10.26,"4,216,000","43,271,430",582,上櫃
00982B,FT投資級債20+,9.67,-0.02,9.68,9.68,9.67,"17,000","164,530",7,上櫃
00983B,大華優利美公債20,15.23,-0.06,15.25,15.25,15.20,"461,000","7,020,400",34,上櫃
00984B,大華優利美A債15,16.02,-0.09,16.08,16.08,16.00,"3,590,000","57,471,800",356,上櫃
00985D,主動貝萊德優投等,9.97,-0.04,10.00,10.00,9.96,"224,000","2,234,040",65,上櫃
00986B,FT金融債10+,9.74,-0.06,9.75,9.75,9.74,"12,000","116,890",3,上櫃
00986D,主動復華金融債息,14.65,-0.04,14.71,14.71,14.65,"585,000","8,580,960",36,上櫃
00987B,野村10+澳洲公債,15.71,-0.08,15.89,15.89,15.70,"1,690,000","26,565,210",96,上櫃
00988B,玉山嚴選非投債,19.70,+0.02,19.71,19.72,19.68,"827,000","16,287,330",126,上櫃
00989B,台新美國非投等債,9.97,0.00,9.97,9.98,9.96,"592,000","5,900,300",30,上櫃
00998A,主動復華金融股息,15.61,-0.12,15.61,15.67,15.60,"1,218,000","19,031,750",316,上櫃
1240,茂生農經,58.10,+0.10,58.10,58.10,58.10,"1,000","58,100",1,上櫃
1259,安心,----,---,----,----,----,0,0,0,上櫃
1264,德麥,273.00,+0.50,272.00,273.00,272.00,"15,000","4,086,000",12,上櫃
1268,漢來美食,168.00,+8.50,160.00,169.00,160.00,"511,000","84,477,500",299,上櫃
1294,漢田生技,77.80,+0.20,79.00,79.00,77.80,"8,000","627,900",8,上櫃
1295,生合,51.40,+0.40,50.90,51.50,50.70,"37,000","1,886,600",36,上櫃
1336,台翰,12.95,0.00,13.20,13.20,12.90,"174,000","2,286,000",44,上櫃
1565,精華,94.20,-0.10,94.30,94.60,93.80,"138,000","12,997,500",87,上櫃
1569,濱川,50.20,-0.70,50.90,51.30,50.20,"539,000","27,187,700",310,上櫃
1570,力肯,37.95,+0.10,37.40,38.45,37.40,"163,000","6,200,250",107,上櫃
1580,新麥,122.50,0.00,123.00,123.00,122.00,"30,000","3,667,000",25,上櫃
1584,精剛,19.65,-0.05,19.60,19.70,19.45,"596,000","11,653,800",228,上櫃
1586,和勤,22.85,+0.20,22.70,22.90,22.45,"276,000","6,277,550",129,上櫃
1591,駿吉-KY,38.20,-4.20,38.20,38.20,38.20,"293,000","11,192,600",146,上櫃
1593,祺驊,31.35,+0.15,31.05,31.45,31.00,"24,000","745,950",14,上櫃
1595,川寶,88.70,+1.70,87.20,90.80,87.00,"411,000","36,465,500",341,上櫃
1599,宏佳騰,23.65,+0.15,23.65,23.80,23.50,"22,000","519,450",18,上櫃
1742,台蠟,15.20,+0.10,15.00,15.20,15.00,"9,000","135,950",6,上櫃
1777,生泰,71.30,-0.10,71.80,71.80,71.20,"11,000","787,200",8,上櫃
1781,合世,10.50,+0.30,10.25,10.50,10.25,"25,000","260,000",15,上櫃
1784,訊聯,70.80,+0.80,70.40,71.20,69.80,"130,000","9,150,600",87,上櫃
1785,光洋科,138.00,-5.00,143.00,143.50,136.00,"17,149,000","2,391,020,500","9,213",上櫃
1788,杏昌,135.50,0.00,135.00,135.50,135.00,"12,000","1,623,500",11,上櫃
1796,金穎生技,36.00,-2.50,39.50,40.00,36.00,"80,000","3,066,900",59,上櫃
1799,易威,34.45,-0.90,35.35,35.45,34.30,"102,000","3,531,950",81,上櫃
1813,寶利徠,12.15,-0.05,12.20,12.20,12.00,"17,000","205,850",13,上櫃
1815,富喬,99.50,-2.50,102.00,102.50,99.10,"14,956,000","1,500,826,500","9,013",上櫃
2035,唐榮,28.05,-0.35,28.10,28.10,28.00,"15,000","420,750",8,上櫃
2061,風青,22.30,+0.60,21.70,22.50,21.40,"959,000","21,101,750",393,上櫃
2063,世鎧,25.10,-0.20,25.30,25.30,24.80,"13,000","324,750",9,上櫃
2064,晉椿,13.10,+0.20,13.15,13.20,13.05,"12,000","157,950",9,上櫃
2065,世豐,33.75,+0.25,33.55,33.85,32.95,"96,000","3,221,300",41,上櫃
2066,世德,54.80,-2.90,58.00,58.00,54.80,"151,000","8,485,200",138,上櫃
2067,嘉鋼,6.85,0.00,6.85,6.85,6.85,"2,000","13,700",2,上櫃
2070,精湛,63.00,-2.70,65.70,65.70,62.80,"409,000","25,982,000",315,上櫃
2073,雄順,25.90,+0.30,25.00,25.90,25.00,"10,000","254,800",7,上櫃
2221,大甲,43.00,+1.55,41.95,44.50,41.55,"697,000","30,060,600",493,上櫃
2230,泰茂,28.70,-0.30,29.00,29.15,28.55,"146,000","4,209,550",96,上櫃
2235,謚源,----,---,----,----,----,0,0,0,上櫃
2596,綠意,28.75,-0.15,28.90,28.90,28.55,"13,000","373,650",11,上櫃
2640,大車隊,164.00,-0.50,163.00,165.00,163.00,"9,000","1,479,000",9,上櫃
2641,正德,17.55,+0.10,17.60,17.75,17.45,"1,025,000","18,002,050",441,上櫃
2643,捷迅,66.70,-0.40,67.00,67.00,66.20,"10,000","664,400",8,上櫃
2718,全心投控,46.20,0.00,46.35,46.40,45.40,"71,000","3,261,600",41,上櫃
2719,燦星旅,25.70,0.00,25.75,25.75,25.70,"4,000","102,950",3,上櫃
2724,藝舍-KY,----,---,----,----,----,0,0,0,上櫃
2726,雅茗-KY,9.36,-0.13,9.65,9.65,9.33,"31,000","292,070",24,上櫃
2729,瓦城,162.00,0.00,162.00,163.50,160.00,"28,000","4,524,000",26,上櫃
2732,六角,64.70,-0.30,65.00,65.00,64.60,"29,000","1,879,500",21,上櫃
2734,易飛網,15.30,+0.10,15.30,15.45,15.20,"54,000","823,250",36,上櫃
2736,富野,11.85,0.00,11.85,12.15,11.80,"26,000","308,950",20,上櫃
2740,華軒,36.65,-0.05,36.65,36.65,36.65,"1,000","36,650",1,上櫃
2743,山富,67.10,-0.60,67.70,67.70,67.00,"65,000","4,372,300",44,上櫃
2745,五福,101.00,+0.50,101.50,101.50,100.50,"53,000","5,349,000",46,上櫃
2751,王座,51.70,-0.70,51.80,51.80,51.70,"12,000","620,800",10,上櫃
2752,豆府,174.00,-2.50,177.00,177.00,174.00,"113,000","19,738,000",81,上櫃
2754,亞洲藏壽司,77.00,+7.00,71.60,77.00,71.60,"912,000","69,926,600",454,上櫃
2755,揚秦,132.50,+1.50,133.00,133.00,131.50,"15,000","1,984,000",14,上櫃
2756,聯發國際,61.00,+0.10,59.10,61.40,59.10,"10,000","604,900",9,上櫃
2916,滿心,47.80,+0.30,47.70,47.85,47.55,"109,000","5,200,150",70,上櫃
2924,宏太-KY,16.00,0.00,15.30,16.00,15.30,"15,000","230,200",4,上櫃
2926,誠品生活,36.90,0.00,36.90,36.90,36.90,"2,000","73,800",2,上櫃
2937,集雅社,----,---,----,----,----,0,0,0,上櫃
2941,米斯特,31.75,-0.05,31.80,31.80,30.20,"8,000","246,300",8,上櫃
2947,振宇五金,----,---,----,----,----,0,0,0,上櫃
2948,寶陞,35.30,-2.90,35.25,35.30,35.25,"2,000","70,550",2,上櫃
2949,欣新網,60.10,+0.30,60.80,60.80,58.70,"10,000","598,600",10,上櫃
3064,泰偉,----,---,----,----,----,0,0,0,上櫃
3066,李洲,20.75,+1.85,19.25,20.75,18.90,"1,018,000","20,733,250",495,上櫃
3067,全域,17.30,0.00,17.30,17.30,17.30,"8,000","138,400",2,上櫃
3071,協禧,29.10,-0.15,29.60,29.60,28.60,"365,000","10,549,800",254,上櫃
3073,天方能源,20.30,-0.35,20.80,20.80,20.30,"66,000","1,355,450",51,上櫃
3078,僑威,52.20,-0.30,53.30,53.30,52.20,"886,000","46,468,600",653,上櫃
3081,聯亞,"2,580.00",+90.00,"2,460.00","2,670.00","2,460.00","2,021,000","5,214,170,000","1,828",上櫃
3083,網龍,28.00,+0.30,28.40,28.50,27.65,"299,000","8,368,400",204,上櫃
3085,新零售,12.00,-0.05,11.75,12.05,11.40,"10,000","117,600",9,上櫃
3086,華義*,36.60,+0.50,36.10,38.10,36.00,"650,000","23,974,450",369,上櫃
3088,艾訊,135.00,+4.00,135.00,135.50,132.00,"2,417,000","324,260,000","1,684",上櫃
3093,港建*,47.80,-0.75,48.60,49.70,47.80,"768,000","37,261,300",526,上櫃
3095,及成,47.75,+3.00,46.00,49.20,44.50,"129,000","6,106,550",104,上櫃
3105,穩懋,446.50,-10.00,459.50,478.00,442.50,"27,808,000","12,722,347,500","20,257",上櫃
3114,好德,27.10,+0.30,26.90,27.30,26.90,"130,000","3,529,250",82,上櫃
3115,富榮綱,8.68,-0.52,8.59,8.81,8.59,"37,000","321,830",28,上櫃
3118,進階,33.35,-0.20,33.55,33.80,33.30,"35,000","1,170,250",23,上櫃
3122,笙泉,35.30,-0.25,35.55,37.45,35.20,"408,000","14,639,850",251,上櫃
3128,昇銳,23.40,+2.10,21.70,23.40,21.70,"249,000","5,754,750",146,上櫃
3131,弘塑,"2,580.00",0.00,"2,570.00","2,640.00","2,550.00","368,000","950,370,000",352,上櫃
3141,晶宏,64.90,+3.10,61.20,67.00,60.40,"2,923,000","188,393,500","1,959",上櫃
3147,大綜,178.50,-2.50,182.50,182.50,178.00,"306,000","54,954,500",238,上櫃
3152,璟德,164.00,+0.50,166.00,169.50,163.50,"647,000","107,429,500",567,上櫃
3158,嘉實,85.10,-0.90,86.90,87.00,85.10,"14,000","1,199,100",14,上櫃
3162,精確,85.10,-2.10,87.60,88.70,84.90,"2,930,000","252,749,200","1,836",上櫃
3163,波若威,952.00,+52.00,904.00,990.00,904.00,"587,000","560,450,000",434,上櫃
3169,亞信,113.50,+9.00,104.50,114.50,104.50,"725,000","80,733,500",561,上櫃
3171,炎洲流通,66.80,-0.70,66.80,67.70,66.50,"38,000","2,542,600",23,上櫃
3176,基亞,37.25,+1.75,35.80,37.70,35.80,"1,328,000","49,060,000",868,上櫃
3178,公準,65.60,-1.40,68.00,68.00,65.20,"67,000","4,436,400",59,上櫃
3188,鑫龍騰,24.35,+0.30,24.10,24.35,24.05,"134,000","3,246,250",82,上櫃
3191,雲嘉南,14.80,+0.10,14.75,14.85,14.75,"54,000","797,350",12,上櫃
3205,佰研,53.90,+0.30,53.20,54.00,53.20,"61,000","3,269,800",45,上櫃
3206,志豐,37.80,+0.15,37.65,38.25,37.45,"71,000","2,686,750",54,上櫃
3207,耀勝,58.10,-2.30,61.20,61.20,58.10,"182,000","10,770,100",145,上櫃
3211,順達,347.00,-12.00,359.00,360.00,347.00,"4,748,000","1,666,637,000","3,749",上櫃
3213,茂訊,115.00,+2.00,113.00,115.50,112.00,"358,000","40,783,000",261,上櫃
3217,優群,188.50,-1.00,190.50,191.50,187.00,"1,442,000","272,681,500","1,086",上櫃
3218,大學光,128.50,-0.50,132.50,132.50,128.00,"200,000","25,939,500",165,上櫃
3219,倚強科,82.10,0.00,82.80,86.80,81.50,"873,000","73,285,100",714,上櫃
3221,台嘉碩,47.90,+2.70,45.05,49.40,45.05,"17,978,000","864,555,800","11,082",上櫃
3224,三顧,41.20,+0.25,42.15,42.15,40.75,"84,000","3,462,300",69,上櫃
3226,龍鋒,39.75,-0.75,39.75,39.75,39.75,"1,000","39,750",1,上櫃
3227,原相,223.50,+5.00,218.50,230.50,218.00,"2,768,000","623,994,000","2,126",上櫃
3228,金麗科,198.00,+18.00,185.00,198.00,185.00,"955,000","183,143,000",711,上櫃
3230,錦明,32.25,-1.05,33.30,33.60,32.15,"337,000","11,070,300",231,上櫃
3232,昱捷,20.55,-0.15,20.40,20.65,20.40,"58,000","1,187,400",24,上櫃
3234,光環,97.00,+5.20,91.90,99.40,91.00,"1,580,000","152,288,700","1,179",上櫃
3236,千如,43.90,+3.60,39.70,44.05,39.70,"29,260,000","1,240,544,600","17,610",上櫃
3252,海灣,17.80,+0.05,17.30,17.80,17.25,"29,000","513,450",11,上櫃
3259,鑫創,16.15,0.00,16.00,16.30,15.60,"37,000","589,850",19,上櫃
3260,威剛,405.50,+15.50,394.50,410.00,385.00,"14,399,000","5,753,183,500","10,475",上櫃
3264,欣銓,206.50,-8.00,212.00,214.00,203.50,"11,803,000","2,454,481,000","7,740",上櫃
3265,台星科,170.50,-0.50,170.50,174.00,168.50,"1,302,000","223,184,000",907,上櫃
3268,海德威,17.15,-0.10,17.25,17.25,17.10,"64,000","1,100,900",46,上櫃
3272,東碩,17.35,-0.05,17.80,18.60,17.20,"108,000","1,921,050",81,上櫃
3276,宇環,14.00,+0.35,13.65,14.15,13.65,"164,000","2,287,200",116,上櫃
3284,太普高,16.90,+1.50,15.55,16.90,15.55,"272,000","4,523,650",172,上櫃
3285,微端,28.50,0.00,28.90,29.30,28.50,"55,000","1,581,950",30,上櫃
3287,廣寰科,31.20,-0.65,32.05,32.30,31.20,"143,000","4,504,150",92,上櫃
3288,點晶,15.00,0.00,14.90,15.00,14.85,"11,000","164,250",10,上櫃
3289,宜特,160.50,-1.50,162.00,164.50,160.50,"1,132,000","183,297,500",778,上櫃
3290,東浦,46.55,+0.20,46.95,46.95,46.15,"288,000","13,385,700",184,上櫃
3293,鈊象,728.00,0.00,737.00,741.00,725.00,"1,530,000","1,119,511,000","1,306",上櫃
3294,英濟,40.50,+0.95,39.65,42.35,39.15,"10,752,000","441,031,950","6,965",上櫃
3297,杭特,30.30,+0.20,30.00,30.50,30.00,"57,000","1,721,800",46,上櫃
3303,岱稜,47.90,-0.30,48.30,48.45,47.85,"178,000","8,547,150",121,上櫃
3306,鼎天,44.85,-0.40,45.55,45.55,44.30,"155,000","6,933,000",132,上櫃
3310,佳穎,68.90,-0.80,69.70,70.10,68.90,"4,000","278,400",4,上櫃
3313,斐成,11.90,+0.70,11.25,11.90,11.20,"166,000","1,923,100",78,上櫃
3317,尼克森,72.50,-3.50,76.00,80.40,72.30,"12,331,000","941,702,200","8,090",上櫃
3322,建舜電,12.30,+0.10,12.50,12.50,12.20,"420,000","5,177,250",226,上櫃
3323,加百裕,34.45,+0.95,33.60,35.30,33.20,"1,249,000","43,087,500",953,上櫃
3324,雙鴻,939.00,-27.00,970.00,972.00,936.00,"2,741,000","2,595,095,000","2,427",上櫃
3325,旭品,11.80,0.00,11.75,11.95,11.70,"153,000","1,809,150",65,上櫃
3332,幸康,63.60,-1.80,64.30,64.30,62.70,"27,000","1,718,600",26,上櫃
3339,泰谷,47.50,+2.05,45.50,49.00,45.50,"2,790,000","132,122,750","1,679",上櫃
3349,寶德,19.00,0.00,18.60,19.05,18.15,"141,000","2,609,900",99,上櫃
3354,律勝,31.75,-1.35,33.10,33.15,31.15,"1,088,000","34,740,800",796,上櫃
3357,臺慶科,231.00,+21.00,208.00,231.00,208.00,"13,686,000","3,135,991,000","4,466",上櫃
3360,尚立,14.35,+0.10,14.30,14.50,14.25,"242,000","3,477,950",169,上櫃
3362,先進光,113.50,-5.00,116.00,121.50,113.00,"3,485,000","406,258,000","2,414",上櫃
3363,上詮,777.00,+2.00,768.00,812.00,768.00,"2,019,000","1,594,895,000","1,845",上櫃
3372,典範,19.05,+0.15,19.10,19.85,18.90,"740,000","14,396,200",347,上櫃
3373,熱映,17.05,+0.05,17.05,17.10,17.00,"30,000","511,200",25,上櫃
3374,精材,231.00,-6.00,240.00,242.00,228.00,"10,110,000","2,364,583,500","7,054",上櫃
3379,彬台,40.55,-2.05,41.90,42.40,40.25,"1,242,000","51,230,950",900,上櫃
3388,崇越電,92.80,-2.60,95.40,96.00,92.70,"877,000","82,414,700",664,上櫃
3390,旭軟,27.00,+1.45,26.50,27.80,26.25,"2,064,000","56,106,500","1,305",上櫃
3402,漢科,131.50,-1.00,133.00,134.50,131.50,"282,000","37,448,500",232,上櫃
3426,台興,47.70,-0.05,47.70,47.70,47.70,"24,000","1,144,800",24,上櫃
3430,奇鈦科,158.50,0.00,157.00,163.00,153.00,"3,079,000","490,127,500","2,159",上櫃
3434,哲固,28.25,+0.25,27.85,28.25,27.85,"61,000","1,713,100",39,上櫃
3438,類比科,67.30,+0.90,66.00,68.40,65.10,"536,000","35,960,300",403,上櫃
3441,聯一光,48.15,+4.35,44.00,48.15,44.00,"9,353,000","442,033,000","4,757",上櫃
3444,利機,89.50,-1.30,90.80,92.60,87.00,"871,000","78,127,100",577,上櫃
3455,由田,284.00,+10.50,274.00,285.50,274.00,"405,000","113,362,000",284,上櫃
3465,進泰電子,26.75,+0.10,27.00,27.10,26.60,"38,000","1,019,650",19,上櫃
3466,德晉,34.60,-1.70,36.75,36.90,34.50,"832,000","29,272,250",477,上櫃
3467,台灣精材,60.90,+0.80,60.60,62.10,60.20,"116,000","7,076,200",92,上櫃
3479,安勤,110.50,+10.00,102.00,110.50,100.50,"3,201,000","346,094,000","2,245",上櫃
3483,力致,86.60,+0.10,86.10,87.30,86.00,"425,000","36,816,500",309,上櫃
3484,崧騰,44.10,+0.20,44.10,44.40,43.90,"225,000","9,927,000",138,上櫃
3485,敘豐,242.50,-8.00,253.00,268.50,230.00,"621,000","152,409,500",487,上櫃
3489,森寶,21.95,-0.05,22.00,22.05,21.80,"59,000","1,297,200",39,上櫃
3490,單井,37.00,-0.80,37.80,38.70,36.45,"3,166,000","118,247,800","1,873",上櫃
3491,昇達科,"1,755.00",-10.00,"1,785.00","1,880.00","1,730.00","2,714,000","4,899,915,000","2,510",上櫃
3492,長盛,22.05,0.00,22.05,22.05,22.00,"71,000","1,563,550",30,上櫃
3498,陽程,143.50,+7.00,140.00,148.50,140.00,"1,250,000","180,740,000",982,上櫃
3499,環天科,14.70,-0.05,14.75,14.75,14.45,"35,000","509,500",31,上櫃
3508,位速,19.90,-0.20,20.10,20.50,19.50,"127,000","2,538,700",78,上櫃
3511,矽瑪,19.55,+0.10,19.60,19.75,19.45,"111,000","2,172,950",72,上櫃
3512,皇龍,20.30,-0.05,20.60,20.60,20.25,"33,000","670,250",27,上櫃
3516,亞帝歐,23.00,-0.45,23.45,23.50,23.00,"119,000","2,767,650",59,上櫃
3520,華盈,15.10,-0.10,15.20,15.45,15.00,"149,000","2,251,300",84,上櫃
3521,台鋼建設,13.10,+0.15,13.00,13.15,12.95,"36,000","468,600",24,上櫃
3522,御嵿,12.40,0.00,12.35,12.75,12.25,"31,000","387,050",18,上櫃
3523,迎輝,9.99,+0.08,10.10,10.10,9.70,"8,000","78,990",6,上櫃
3526,凡甲,355.50,-3.00,357.00,364.00,354.00,"448,000","160,526,000",380,上櫃
3527,聚積,56.60,+0.80,55.80,58.10,55.10,"138,000","7,897,300",122,上櫃
3529,力旺,"3,385.00",+75.00,"3,380.00","3,525.00","3,335.00","727,000","2,477,955,000",687,上櫃
3531,先益,23.35,-0.05,22.65,23.35,22.65,"4,000","92,000",4,上櫃
3537,堡達,57.80,+5.20,52.60,57.80,52.60,"5,739,000","324,636,100","3,133",上櫃
3540,曜越,25.30,-0.25,25.65,25.75,25.20,"179,000","4,562,000",125,上櫃
3541,西柏,22.95,+0.15,22.90,23.00,22.90,"60,000","1,379,750",29,上櫃
3546,宇峻,81.30,+1.40,80.60,83.30,79.30,"1,111,000","90,399,600",718,上櫃
3548,兆利,94.30,-0.80,95.10,97.00,94.30,"310,000","29,547,000",247,上櫃
3551,世禾,193.00,-7.00,200.00,201.50,193.00,"841,000","164,442,500",666,上櫃
3552,同致,51.60,-0.10,51.40,52.80,51.20,"123,000","6,362,000",109,上櫃
3555,博士旺,195.00,-0.50,197.00,201.00,194.00,"128,000","25,234,500",111,上櫃
3556,禾瑞亞,51.60,+1.30,50.30,52.40,50.30,"216,000","11,121,400",173,上櫃
3558,神準,117.50,0.00,117.00,119.50,115.00,"248,000","29,248,500",235,上櫃
3564,其陽,40.20,+0.35,39.85,40.40,39.55,"95,000","3,798,000",80,上櫃
3567,逸昌,27.25,-0.45,27.30,28.25,27.20,"77,000","2,123,650",56,上櫃
3570,大塚,171.50,-0.50,172.50,172.50,170.50,"17,000","2,913,000",16,上櫃
3577,泓格,134.00,+7.50,126.50,136.00,122.50,"2,587,000","334,582,000","2,112",上櫃
3580,友威科,99.90,-11.10,113.00,114.50,99.90,"10,645,000","1,155,536,800","6,768",上櫃
3581,博磊,205.00,-9.00,214.00,214.00,205.00,"198,000","41,218,500",162,上櫃
3587,閎康,321.50,-8.00,329.50,332.00,320.50,"964,000","312,823,000",826,上櫃
3594,磐儀,48.45,+0.95,48.60,48.80,47.20,"361,000","17,346,950",246,上櫃
3597,映興,27.25,+1.05,27.80,27.80,26.80,"41,000","1,115,800",31,上櫃
3609,三一東林,29.05,-0.05,29.45,30.30,28.85,"303,000","8,895,950",162,上櫃
3611,鼎翰,187.50,+1.00,187.50,187.50,187.00,"14,000","2,623,000",14,上櫃
3615,安可,42.25,-2.75,46.50,46.75,42.10,"18,539,000","816,095,600","11,479",上櫃
3623,富晶通,22.90,+0.10,23.55,23.60,22.80,"80,000","1,853,350",72,上櫃
3624,光頡,90.00,-1.20,90.00,100.00,89.90,"59,377,000","5,674,831,600","35,672",上櫃
3625,西勝,14.40,+0.40,14.20,14.45,13.75,"223,000","3,182,850",121,上櫃
3628,盈正,61.90,-0.40,62.30,62.30,61.70,"127,000","7,864,700",91,上櫃
3629,地心引力,16.50,-0.20,16.50,16.50,16.50,"5,000","82,500",2,上櫃
3630,新鉅科,26.75,+0.70,26.05,27.45,26.05,"1,216,000","32,696,150",835,上櫃
3631,晟楠,38.05,-0.15,40.15,40.15,37.80,"160,000","6,230,150",85,上櫃
3632,研勤,7.58,-0.04,7.58,7.58,7.57,"19,000","143,980",19,上櫃
3646,艾恩特,23.15,-0.35,23.30,23.40,23.15,"23,000","533,900",20,上櫃
3663,鑫科,78.60,-4.80,85.50,86.00,78.60,"16,000,000","1,307,539,400","10,917",上櫃
3664,安瑞-KY,8.23,+0.74,7.49,8.23,7.49,"29,000","226,290",15,上櫃
3666,光耀,26.75,-0.20,26.65,27.15,26.05,"63,000","1,665,000",46,上櫃
3672,康聯訊,11.10,0.00,11.10,11.10,10.80,"12,000","132,600",6,上櫃
3675,德微,311.50,+28.00,290.50,311.50,285.50,"4,990,000","1,513,466,000","2,845",上櫃
3680,家登,506.00,-8.00,513.00,519.00,498.50,"2,608,000","1,322,261,000","2,044",上櫃
3684,榮昌,60.60,+0.10,61.30,61.80,60.30,"88,000","5,361,100",76,上櫃
3685,元創精密,26.95,-0.30,27.25,27.50,26.30,"148,000","3,964,900",115,上櫃
3687,歐買尬,69.80,+1.20,68.60,70.90,68.30,"615,000","42,731,800",499,上櫃
3689,湧德,118.50,+1.50,117.50,121.00,117.50,"1,772,000","211,176,500","1,212",上櫃
3691,碩禾,139.00,-8.00,145.50,145.50,138.00,"1,796,000","252,596,500","1,293",上櫃
3693,營邦,504.00,-29.00,532.00,538.00,500.00,"1,572,000","804,123,000","1,323",上櫃
3707,漢磊,72.80,+0.10,73.00,74.80,71.40,"9,458,000","690,838,000","5,901",上櫃
3709,鑫聯大投控,83.40,+4.50,80.00,85.00,79.60,"4,157,000","346,280,400","2,381",上櫃
3710,連展投控,6.17,-0.05,6.19,6.23,6.12,"180,000","1,111,680",86,上櫃
3713,新晶投控,13.00,-0.30,13.35,13.35,12.75,"44,000","570,000",27,上櫃
4102,永日,17.00,-0.20,17.05,17.15,16.85,"43,000","730,200",33,上櫃
4105,東洋,74.00,-0.20,74.40,74.70,73.60,"476,000","35,183,400",348,上櫃
4107,邦特,116.50,0.00,116.50,117.00,116.50,"70,000","8,155,500",45,上櫃
4109,加捷生醫,11.80,+0.35,11.55,11.85,11.50,"150,000","1,755,300",107,上櫃
4111,濟生,30.35,0.00,30.20,30.40,30.20,"88,000","2,664,100",37,上櫃
4113,聯上,15.00,+0.25,14.75,15.10,14.75,"290,000","4,344,650",74,上櫃
4114,健喬,30.65,0.00,30.65,30.80,30.60,"510,000","15,624,550",257,上櫃
4116,明基醫,37.20,-0.15,38.45,38.45,37.00,"56,000","2,096,700",42,上櫃
4120,友華,46.30,+0.10,46.25,46.30,45.90,"8,000","368,200",8,上櫃
4121,優盛,14.15,+0.15,14.00,14.40,13.95,"76,000","1,076,550",53,上櫃
4123,晟德,38.20,+0.25,38.00,38.30,37.85,"1,195,000","45,519,450",781,上櫃
4126,太醫,79.90,+0.30,79.60,79.90,79.60,"11,000","877,800",11,上櫃
4127,天良,52.00,+4.70,52.00,52.00,52.00,"474,000","24,648,000",121,上櫃
4128,中天,14.60,-0.05,14.65,14.85,14.50,"688,000","10,079,900",347,上櫃
4129,聯合,90.60,-0.90,91.60,91.90,90.00,"737,000","66,756,700",472,上櫃
4130,健亞,27.30,-0.55,27.25,27.80,27.10,"95,000","2,600,200",59,上櫃
4131,浩泰,35.10,-0.05,35.00,35.10,35.00,"4,000","140,300",4,上櫃
4138,曜亞,51.80,+0.80,51.10,51.80,51.10,"27,000","1,386,300",25,上櫃
4139,馬光-KY,23.45,+0.15,23.30,23.45,23.20,"9,000","209,350",5,上櫃
4147,中裕,48.85,-0.35,49.40,49.40,48.20,"1,489,000","72,608,500","1,069",上櫃
4153,鈺緯,30.75,-0.10,31.00,31.00,30.75,"5,000","154,100",5,上櫃
4154,樂威科-KY,14.35,+0.25,14.30,14.35,13.70,"22,000","314,350",14,上櫃
4157,太景*-KY,9.02,-0.18,9.25,9.25,9.02,"1,202,000","10,914,690",480,上櫃
4160,訊聯基因,42.25,+1.35,40.95,42.50,40.95,"48,000","2,010,450",42,上櫃
4161,聿新科,23.35,-0.25,23.80,23.85,23.30,"41,000","962,500",34,上櫃
4162,智擎,56.00,+0.80,55.80,56.00,55.00,"274,000","15,156,700",237,上櫃
4163,鐿鈦,112.50,0.00,113.00,113.00,108.50,"84,000","9,309,500",68,上櫃
4166,友霖,25.10,+0.10,25.00,25.40,24.90,"51,000","1,281,300",42,上櫃
4167,松瑞藥,18.90,+0.20,18.70,19.05,18.65,"282,000","5,316,050",150,上櫃
4168,醣聯,25.10,+0.05,25.10,25.20,24.80,"273,000","6,811,750",143,上櫃
4171,瑞基,18.30,0.00,18.30,18.30,18.10,"49,000","894,100",37,上櫃
4173,久裕,18.30,-0.05,18.25,18.30,18.15,"113,000","2,058,100",63,上櫃
4174,浩鼎,32.35,-0.15,33.00,33.05,32.30,"208,000","6,806,900",118,上櫃
4175,杏一,53.10,+0.20,53.00,53.30,53.00,"9,000","478,200",9,上櫃
4183,福永生技,12.45,0.00,12.45,12.45,12.45,"12,000","149,400",3,上櫃
4188,安克,11.15,-0.10,11.25,11.40,11.15,"50,000","563,500",33,上櫃
4192,杏國,----,---,----,----,----,0,0,0,上櫃
4198,欣大健康,38.20,+0.90,38.20,38.20,38.20,"1,000","38,200",1,上櫃
4205,中華食,73.20,+0.30,73.00,73.20,73.00,"22,000","1,607,000",21,上櫃
4207,環泰,19.25,0.00,19.40,19.40,19.05,"253,000","4,853,000",82,上櫃
4303,信立,48.30,+2.20,46.50,49.75,46.15,"1,401,000","67,285,250",908,上櫃
4304,勝昱,28.10,-0.85,28.50,28.95,28.10,"9,000","256,350",7,上櫃
4305,世坤,----,---,----,----,----,0,0,0,上櫃
4401,東隆興,14.30,0.00,14.45,14.45,14.20,"83,000","1,189,650",31,上櫃
4402,郡都開發,11.40,-0.10,11.85,11.85,11.40,"40,000","458,500",28,上櫃
4406,新昕纖,10.00,-0.05,10.15,10.15,9.95,"21,000","210,700",8,上櫃
4413,飛寶企業,18.00,-0.10,17.85,18.00,17.40,"11,000","195,200",10,上櫃
4416,三圓,11.30,-0.10,11.45,11.60,11.05,"97,000","1,098,450",44,上櫃
4417,金洲,44.85,+0.05,45.00,45.00,44.70,"104,000","4,658,500",67,上櫃
4419,皇家美食,46.00,0.00,46.00,46.00,46.00,"1,000","46,000",1,上櫃
4420,光明,40.00,+0.10,39.90,40.00,39.80,"47,000","1,874,100",31,上櫃
4430,耀億,16.85,-0.05,16.90,16.95,16.60,"17,000","284,200",17,上櫃
4432,銘旺實,16.80,-0.10,16.50,17.00,16.20,"70,000","1,168,200",41,上櫃
4433,興采,20.50,-0.25,20.30,20.50,20.30,"13,000","265,900",6,上櫃
4442,竣邦-KY,51.00,0.00,51.00,51.50,50.60,"41,000","2,092,800",21,上櫃
4502,健信,15.75,+0.10,15.60,15.75,15.60,"20,000","312,500",14,上櫃
4503,金雨,41.90,-0.70,42.55,42.85,41.65,"137,000","5,761,600",102,上櫃
4506,崇友,118.50,-0.50,119.00,120.00,118.50,"59,000","7,035,500",52,上櫃
4510,高鋒,46.45,-1.00,47.50,47.75,46.15,"1,518,000","70,852,800","1,037",上櫃
4513,福裕,14.60,0.00,14.80,14.85,14.50,"223,000","3,263,200",107,上櫃
4523,永彰,27.85,-0.15,27.80,28.00,27.65,"172,000","4,786,050",87,上櫃
4527,方土霖,43.65,-0.05,43.80,43.80,43.50,"14,000","611,450",14,上櫃
4528,江興鍛,15.45,0.00,15.30,15.45,15.30,"10,000","153,650",9,上櫃
4529,淳紳,6.08,+0.15,6.18,6.18,5.73,"163,000","969,160",60,上櫃
4530,宏易,25.20,+0.05,25.20,25.20,25.20,"1,000","25,200",1,上櫃
4533,協易機,31.70,0.00,31.70,32.25,30.85,"1,710,000","53,812,600","1,015",上櫃
4534,慶騰,21.75,-0.25,22.00,22.05,21.70,"304,000","6,646,850",176,上櫃
4535,至興,27.65,-0.15,27.70,27.70,27.65,"2,000","55,350",2,上櫃
4538,大詠城,18.35,0.00,18.50,18.50,18.20,"23,000","421,050",21,上櫃
4541,晟田,43.15,-0.35,43.70,44.30,43.15,"615,000","26,788,900",437,上櫃
4542,科嶠,236.00,+21.00,220.00,236.50,220.00,"568,000","131,336,000",374,上櫃
4543,萬在,38.05,-0.85,39.40,39.80,37.80,"226,000","8,672,800",184,上櫃
4549,桓達,100.50,+3.90,98.70,102.50,97.00,"432,000","43,421,200",339,上櫃
4550,長佳,24.80,-0.20,25.10,25.25,24.80,"53,000","1,324,250",32,上櫃
4554,橙的,30.95,+0.35,30.90,31.20,30.80,"95,000","2,947,450",61,上櫃
4556,旭然,38.60,+0.30,38.35,39.35,37.80,"157,000","6,057,400",107,上櫃
4558,寶緯,19.65,-0.55,20.40,20.40,19.65,"49,000","976,750",40,上櫃
4561,健椿,47.70,-0.30,48.50,48.80,47.45,"156,000","7,456,450",122,上櫃
4563,百德,47.55,-0.20,47.75,48.70,47.15,"241,000","11,573,000",194,上櫃
4568,科際精密,----,---,----,----,----,0,0,0,上櫃
4577,達航科技,118.00,-6.00,124.00,125.50,116.00,"735,000","87,656,000",574,上櫃
4580,捷流閥業,81.50,-0.40,81.90,82.30,81.20,"39,000","3,183,700",37,上櫃
4584,君帆,45.90,+3.95,42.95,45.90,42.50,"23,000","1,018,950",21,上櫃
4609,唐鋒,5.50,0.00,5.20,5.50,5.20,"17,000","92,500",11,上櫃
4702,中美實,9.66,-0.04,9.66,9.76,9.60,"97,000","936,590",51,上櫃
4706,大恭,31.35,-0.55,31.05,31.80,31.05,"28,000","877,100",21,上櫃
4707,磐亞,14.30,-0.10,14.55,14.55,14.20,"839,000","12,001,450",325,上櫃
4711,永純,16.40,-0.15,16.55,16.55,16.35,"56,000","919,400",36,上櫃
4714,永捷,13.05,0.00,13.05,13.40,12.85,"1,249,000","16,302,000",525,上櫃
4716,大立,14.45,0.00,14.45,14.50,14.30,"244,000","3,511,500",116,上櫃
4721,美琪瑪,83.70,-4.60,89.60,89.60,83.60,"1,300,000","111,695,000",962,上櫃
4726,永昕,28.25,-0.35,28.60,28.60,28.20,"168,000","4,756,950",100,上櫃
4728,雙美,384.50,0.00,385.00,387.00,384.00,"26,000","10,047,000",23,上櫃
4729,熒茂,23.60,-1.45,24.80,25.15,23.35,"4,932,000","119,227,800","2,540",上櫃
4735,豪展,30.75,+0.15,30.60,30.75,30.60,"12,000","368,250",10,上櫃
4741,泓瀚,53.50,-1.60,55.20,55.90,52.00,"837,000","44,822,200",551,上櫃
4743,合一,49.00,-1.00,50.40,51.00,49.00,"2,423,000","120,293,950","1,516",上櫃
4744,皇將,33.70,+0.20,33.85,34.25,33.70,"143,000","4,859,950",75,上櫃
4745,合富-KY,16.65,-0.25,16.90,16.90,16.60,"83,000","1,391,150",55,上櫃
4747,強生,57.30,-0.80,58.10,58.10,57.30,"11,000","631,500",10,上櫃
4749,新應材,994.00,+9.00,989.00,"1,035.00",981.00,"1,957,000","1,975,983,000","1,637",上櫃
4754,國碳科,38.00,0.00,38.00,38.00,37.80,"24,000","910,250",11,上櫃
4760,勤凱,282.00,-21.50,304.00,324.00,281.00,"2,652,000","801,479,500","2,059",上櫃
4767,誠泰科技,26.55,+0.35,26.50,26.55,26.50,"2,000","53,050",2,上櫃
4768,晶呈科技,405.50,-16.50,423.50,423.50,404.50,"978,000","400,697,500",745,上櫃
4772,台特化,289.50,-4.50,295.00,297.50,288.50,"745,000","217,403,500",643,上櫃
4806,桂田文創,10.00,0.00,10.00,10.00,10.00,"2,000","20,000",1,上櫃
4903,聯光通,44.35,-1.75,46.20,46.70,44.20,"2,929,000","132,928,250","1,956",上櫃
4905,台聯電,76.70,-1.20,77.00,79.60,76.70,"13,000","1,007,200",13,上櫃
4907,富宇,38.40,0.00,38.45,38.45,38.15,"18,000","689,350",17,上櫃
4908,前鼎,247.00,+15.50,235.00,248.00,235.00,"723,000","176,332,500",483,上櫃
4909,新復興,50.60,-0.90,51.50,52.00,50.30,"586,000","29,872,800",449,上櫃
4911,德英,31.85,0.00,31.90,32.00,31.15,"14,000","442,100",12,上櫃
4923,力士,37.55,+1.95,35.95,38.75,35.95,"652,000","24,635,750",509,上櫃
4924,欣厚-KY,11.20,-0.60,11.80,12.10,11.20,"262,000","3,032,000",160,上櫃
4931,新盛力,189.50,+6.50,182.50,190.00,180.50,"5,570,000","1,035,685,000","4,249",上櫃
4933,友輝,72.50,+4.60,69.40,72.90,68.10,"1,707,000","122,694,500","1,271",上櫃
4939,亞電,37.55,-0.80,38.80,39.70,37.35,"2,286,000","87,787,700","1,497",上櫃
4946,辣椒,106.00,+1.00,105.00,106.00,104.50,"11,000","1,156,000",11,上櫃
4950,金耘國際,16.45,-0.10,17.00,17.00,16.40,"15,000","247,650",8,上櫃
4951,精拓科,123.00,+6.00,118.00,124.00,118.00,"189,000","23,021,000",150,上櫃
4953,緯軟,117.00,-2.00,119.50,120.00,116.50,"253,000","29,927,500",201,上櫃
4966,譜瑞-KY,757.00,+29.00,741.00,760.00,703.00,"1,326,000","967,995,000","1,094",上櫃
4971,IET-KY,700.00,+55.00,634.00,700.00,634.00,"322,000","220,191,000",275,上櫃
4972,湯石照明,16.45,+0.05,16.40,16.45,16.40,"28,000","460,100",13,上櫃
4973,廣穎,109.00,-1.00,110.00,111.00,104.00,"3,890,000","420,893,500","2,652",上櫃
4974,亞泰,73.70,0.00,73.70,73.90,73.10,"141,000","10,369,200",104,上櫃
4979,華星光,562.00,+39.00,523.00,562.00,523.00,"1,050,000","581,540,000",688,上櫃
4987,科誠,81.60,+0.10,81.60,81.60,81.50,"10,000","815,500",10,上櫃
4991,環宇-KY,700.00,+33.00,688.00,700.00,679.00,"854,000","590,222,000",580,上櫃
4995,晶達,45.20,+0.55,45.85,45.85,45.00,"27,000","1,220,050",27,上櫃
5009,榮剛,35.40,+0.10,35.25,35.45,34.95,"1,931,000","67,958,050","1,041",上櫃
5011,久陽,15.05,0.00,15.05,15.25,15.05,"167,000","2,525,250",86,上櫃
5013,強新,26.60,+0.05,26.55,26.60,26.55,"4,000","106,300",4,上櫃
5014,建錩,10.20,-0.10,10.20,10.30,10.20,"170,000","1,734,750",64,上櫃
5015,華祺,22.00,-0.25,22.05,22.10,22.00,"14,000","308,300",14,上櫃
5016,松和,24.80,-0.10,25.20,25.20,24.50,"45,000","1,111,350",33,上櫃
5201,凱衛,29.45,+0.05,29.40,29.65,29.00,"28,000","821,150",24,上櫃
5202,力新,11.65,0.00,11.70,11.95,11.55,"262,000","3,071,000",137,上櫃
5205,中茂,22.20,+0.75,22.20,22.20,22.20,"1,000","22,200",1,上櫃
5206,坤悅,22.85,-0.10,22.85,23.05,22.80,"36,000","823,100",21,上櫃
5209,新鼎,164.50,-1.00,165.00,166.00,164.50,"42,000","6,938,000",25,上櫃
5210,寶碩,27.20,+1.35,26.40,27.35,26.35,"384,000","10,347,850",240,上櫃
5211,蒙恬,17.85,-0.15,18.15,18.60,17.70,"150,000","2,722,650",121,上櫃
5212,凌網,46.30,0.00,45.40,46.55,45.40,"7,000","322,150",3,上櫃
5213,亞昕,26.10,0.00,26.20,26.20,25.90,"327,000","8,507,000",131,上櫃
5220,萬達光電,21.85,-0.15,22.00,22.00,21.30,"23,000","499,150",23,上櫃
5223,安力-KY,23.95,-0.20,24.60,24.60,23.80,"52,000","1,250,550",46,上櫃
5227,立凱-KY,25.60,+0.10,25.55,27.35,25.50,"727,000","19,096,500",418,上櫃
5228,鈺鎧,50.10,+4.40,48.75,50.10,47.85,"422,000","20,714,350",263,上櫃
5230,雷笛克光學,17.25,+0.25,17.20,17.65,17.15,"124,000","2,158,950",90,上櫃
5236,凌陽創新,172.00,-7.00,179.00,179.50,171.50,"1,599,000","280,757,500","1,183",上櫃
5245,智晶,26.35,-0.10,26.85,26.85,26.30,"86,000","2,272,700",60,上櫃
5251,天鉞電,26.95,+0.45,26.80,27.15,26.60,"87,000","2,338,650",69,上櫃
5263,智崴,110.50,+2.00,109.50,111.00,108.50,"246,000","27,019,500",198,上櫃
5272,笙科,22.35,+0.25,22.10,22.90,22.10,"196,000","4,421,800",144,上櫃
5274,信驊,"15,560.00",-365.00,"16,085.00","16,100.00","15,485.00","258,000","4,053,075,000",256,上櫃
5276,達輝-KY,18.65,-0.95,19.60,19.65,18.35,"37,000","696,650",24,上櫃
5278,尚凡*,23.85,-0.10,24.00,24.05,23.85,"268,000","6,421,250",171,上櫃
5287,數字,150.50,+0.50,150.00,151.00,150.00,"33,000","4,961,000",31,上櫃
5289,宜鼎,"1,675.00",-55.00,"1,745.00","1,745.00","1,625.00","3,809,000","6,399,485,000","3,256",上櫃
5291,邑昇,71.70,-4.80,76.80,79.20,70.40,"4,481,000","337,063,100","3,022",上櫃
5299,杰力,104.50,+5.70,100.00,108.50,100.00,"2,691,000","284,210,500","1,750",上櫃
5301,寶得利,6.82,-0.41,7.14,7.14,6.78,"65,000","445,940",24,上櫃
5302,太欣,9.88,+0.09,10.05,10.10,9.78,"448,000","4,458,280",186,上櫃
5309,系統電,67.70,+3.00,64.70,70.10,64.30,"19,200,000","1,306,873,900","10,419",上櫃
5310,天剛,----,---,----,----,----,0,0,0,上櫃
5312,寶島科,94.50,+0.20,94.00,94.50,93.80,"38,000","3,582,400",29,上櫃
5314,世紀*,67.60,+6.10,61.80,67.60,61.60,"6,291,000","409,265,200","3,290",上櫃
5315,光聯,21.65,+0.10,21.55,21.75,21.50,"202,000","4,371,300",120,上櫃
5321,美而快,32.20,+2.90,28.80,32.20,28.60,"1,012,000","31,210,400",720,上櫃
5324,士開,11.95,+0.05,11.90,11.95,11.70,"218,000","2,586,300",88,上櫃
5328,華容,30.90,+2.80,28.15,30.90,28.15,"17,213,000","522,995,900","6,712",上櫃
5340,建榮,99.70,-1.30,102.00,103.00,99.60,"1,852,000","186,152,500","1,251",上櫃
5344,立衛,15.60,0.00,15.60,15.80,15.50,"44,000","687,850",36,上櫃
5345,馥鴻,----,---,----,----,----,0,0,0,上櫃
5347,世界,159.00,+1.50,160.50,162.00,156.00,"44,856,000","7,163,358,000","15,243",上櫃
5348,正能量智能,----,---,----,----,----,0,0,0,上櫃
5351,鈺創,74.40,-2.40,76.50,77.00,72.60,"20,446,000","1,527,791,900","10,780",上櫃
5353,台林,25.80,+0.05,25.60,26.10,25.60,"59,000","1,520,950",41,上櫃
5355,佳總,6.40,0.00,6.08,6.40,6.08,"45,000","286,700",18,上櫃
5356,協益,26.40,+0.30,26.10,26.55,26.10,"30,000","791,850",21,上櫃
5364,力麗店,9.15,+0.05,9.10,9.25,9.00,"55,000","499,710",41,上櫃
5371,中光電,70.50,+2.10,68.70,71.40,68.70,"4,274,000","300,602,600","2,859",上櫃
5381,光譜,24.75,-0.55,25.30,25.45,24.75,"615,000","15,392,150",359,上櫃
5386,青雲,429.50,+9.50,434.50,434.50,413.00,"203,000","86,193,000",176,上櫃
5392,能率,41.35,-0.90,42.25,42.25,40.70,"2,031,000","84,093,950","1,054",上櫃
5398,慕康生醫,19.30,0.00,19.30,19.35,19.10,"47,000","904,350",30,上櫃
5403,中菲,86.00,+1.00,85.20,87.00,85.20,"126,000","10,865,200",85,上櫃
5410,國眾,37.85,+0.40,37.25,37.95,37.25,"648,000","24,438,250",386,上櫃
5425,台半,86.90,+1.30,85.60,89.30,78.70,"66,487,000","5,618,350,900","37,345",上櫃
5426,振發,18.05,+0.25,17.90,18.15,17.85,"275,000","4,942,950",150,上櫃
5432,新門,142.50,-4.50,147.50,149.00,142.50,"211,000","30,741,000",186,上櫃
5438,東友,18.50,0.00,18.50,18.55,18.20,"72,000","1,325,400",53,上櫃
5439,高技,364.50,-14.50,379.00,379.00,353.50,"4,677,000","1,708,330,000","3,642",上櫃
5443,均豪,116.50,-3.00,120.00,121.00,114.00,"4,060,000","473,651,500","2,671",上櫃
5450,南良,12.50,-0.20,12.70,12.75,12.50,"40,000","502,550",30,上櫃
5452,佶優,31.75,-0.30,32.05,32.10,31.25,"1,007,000","31,777,500",655,上櫃
5455,昇益,24.20,+0.25,23.70,25.95,23.70,"42,000","1,033,250",17,上櫃
5457,宣德,27.75,-0.35,28.30,28.95,27.65,"1,766,000","49,736,150","1,131",上櫃
5460,同協,15.25,+0.10,15.20,15.25,15.15,"16,000","243,200",13,上櫃
5464,霖宏,67.50,+5.00,68.00,68.00,62.70,"901,000","59,356,100",424,上櫃
5465,富驊,24.10,-0.50,24.55,24.55,24.10,"110,000","2,669,200",78,上櫃
5468,凱鈺,17.00,0.00,17.00,17.10,17.00,"27,000","459,150",7,上櫃
5474,聰泰,165.50,+4.00,161.00,167.00,161.00,"411,000","67,969,500",322,上櫃
5475,德宏,278.00,-14.00,295.00,302.50,273.50,"2,449,000","692,350,500","1,736",上櫃
5478,智冠,99.50,+0.30,99.20,100.50,99.20,"145,000","14,463,100",103,上櫃
5481,新華,19.80,+0.05,19.80,20.00,19.50,"74,000","1,462,050",41,上櫃
5483,中美晶,135.00,-1.00,138.50,141.00,134.00,"8,260,000","1,129,530,500","5,081",上櫃
5487,通泰,27.75,0.00,27.75,27.85,26.80,"55,000","1,504,950",46,上櫃
5488,松普,11.70,+1.00,10.95,11.75,10.85,"3,783,000","43,440,450","1,534",上櫃
5489,彩富,39.50,-0.05,39.60,40.00,39.35,"75,000","2,977,300",41,上櫃
5490,同亨,28.40,+0.45,27.95,28.55,27.85,"414,000","11,715,600",250,上櫃
5493,三聯,90.60,-0.20,91.20,94.10,90.50,"314,000","28,750,500",250,上櫃
5498,凱崴,61.30,-4.10,64.50,65.90,61.00,"7,048,000","444,322,800","4,738",上櫃
5508,永信建,48.45,+0.45,48.00,48.50,47.80,"208,000","10,040,050",128,上櫃
5511,德昌,72.10,+0.30,71.90,72.50,71.60,"171,000","12,317,500",99,上櫃
5512,力麒,6.86,+0.04,6.82,6.88,6.78,"599,000","4,082,910",190,上櫃
5514,三豐,15.25,0.00,15.25,15.25,15.25,"1,000","15,250",1,上櫃
5516,雙喜,11.00,-0.40,11.40,11.40,11.00,"100,000","1,110,000",49,上櫃
5520,力泰,----,---,----,----,----,0,0,0,上櫃
5523,豐謙,30.25,+0.05,30.20,30.25,30.20,"14,000","423,150",12,上櫃
5529,鉅陞,25.55,+2.10,24.55,25.75,23.45,"622,000","15,701,950",235,上櫃
5530,龍巖,46.70,-0.60,47.30,47.30,45.75,"633,000","29,496,650",488,上櫃
5536,聖暉*,916.00,-28.00,942.00,962.00,911.00,"1,253,000","1,169,500,000","1,115",上櫃
5543,桓鼎-KY,28.95,-0.05,29.25,29.50,28.60,"37,000","1,073,100",28,上櫃
5547,久舜,21.50,+0.05,21.60,21.70,21.45,"25,000","538,550",18,上櫃
5548,安倉,23.60,-0.05,23.65,23.70,23.60,"16,000","377,950",13,上櫃
5601,台聯櫃,----,---,----,----,----,0,0,0,上櫃
5603,陸海,15.80,-0.05,15.95,15.95,15.60,"143,000","2,263,800",58,上櫃
5604,中連,31.65,+0.35,31.45,31.65,31.45,"16,000","504,000",7,上櫃
5609,中菲行,80.00,+0.50,79.90,80.20,79.90,"127,000","10,164,700",99,上櫃
5701,劍湖山,3.40,+0.04,3.35,3.41,3.35,"18,000","61,150",14,上櫃
5703,亞都,----,---,----,----,----,0,0,0,上櫃
5704,老爺知,21.25,0.00,21.40,21.40,21.25,"14,000","298,200",13,上櫃
5864,致和證,31.35,+0.35,31.50,31.90,30.90,"3,811,000","119,716,300","1,336",上櫃
5878,台名,40.50,-0.05,40.55,40.55,40.50,"9,000","364,800",6,上櫃
5902,德記,37.60,-0.25,37.85,37.85,37.20,"40,000","1,501,250",28,上櫃
5903,全家,188.50,-0.50,188.50,188.50,188.50,"25,000","4,712,500",22,上櫃
5904,寶雅,557.00,+4.00,555.00,571.00,555.00,"437,000","245,473,000",383,上櫃
5905,南仁湖,8.02,-0.08,8.05,8.19,8.00,"320,000","2,577,780",156,上櫃
6015,宏遠證,14.50,0.00,14.50,14.70,14.40,"1,963,000","28,544,800",561,上櫃
6016,康和證,21.80,+0.15,21.95,22.10,21.60,"3,680,000","80,250,850","1,080",上櫃
6020,大展證,21.10,-0.20,21.30,21.30,20.80,"11,000","231,400",9,上櫃
6021,美好證,31.10,+0.20,30.80,31.20,30.80,"71,000","2,200,500",56,上櫃
6023,元大期,97.50,0.00,97.70,98.00,96.80,"86,000","8,385,300",78,上櫃
6026,福邦證,15.05,+0.05,15.00,15.20,14.90,"1,579,000","23,772,400",524,上櫃
6028,公勝保經,80.10,+0.10,80.10,80.10,80.00,"5,000","400,200",5,上櫃
6101,寬魚國際,38.70,+0.05,38.60,38.70,38.40,"24,000","925,150",20,上櫃
6103,合邦,----,---,----,----,----,0,0,0,上櫃
6104,創惟,96.70,+3.70,93.60,97.50,92.30,"1,399,000","133,702,400","1,054",上櫃
6109,亞元,10.65,0.00,10.80,10.85,10.65,"212,000","2,278,800",61,上櫃
6111,光聚晶電,46.50,+1.05,45.90,46.95,45.85,"245,000","11,365,300",138,上櫃
6113,亞矽,24.70,+0.45,24.30,25.50,24.30,"411,000","10,267,900",270,上櫃
6114,久威,29.80,-0.20,30.00,30.00,29.80,"15,000","447,450",8,上櫃
6118,建達,17.45,+0.25,17.25,18.10,17.20,"809,000","14,313,050",494,上櫃
6121,新普,376.00,+1.50,375.00,378.00,372.50,"405,000","152,206,500",334,上櫃
6122,擎邦,47.45,-0.10,47.40,47.80,47.20,"113,000","5,353,800",72,上櫃
6123,上奇,44.15,-0.10,44.25,44.35,44.05,"55,000","2,432,200",33,上櫃
6124,業強,28.80,-0.20,28.90,29.25,28.40,"13,000","375,050",12,上櫃
6125,廣運,54.70,-2.00,56.60,57.00,54.70,"1,896,000","104,860,300","1,175",上櫃
6126,信音,34.05,+0.40,33.85,35.35,33.45,"3,079,000","106,748,750","1,873",上櫃
6127,九豪,52.10,+4.65,47.45,52.10,47.15,"26,916,000","1,375,569,350","12,378",上櫃
6129,普誠,14.95,+0.10,14.85,15.40,14.60,"831,000","12,489,700",360,上櫃
6130,上亞科技,22.15,+0.05,22.45,22.45,21.80,"84,000","1,852,700",51,上櫃
6134,萬旭,30.15,-0.15,30.85,31.55,30.00,"645,000","19,706,500",359,上櫃
6138,茂達,308.50,+26.50,284.00,309.00,281.00,"2,588,000","780,822,500","2,015",上櫃
6140,訊達,19.35,-0.25,19.45,19.55,19.35,"64,000","1,245,150",42,上櫃
6143,振曜,95.20,+1.20,94.00,95.70,93.40,"518,000","49,114,500",403,上櫃
6144,得利影,14.95,0.00,15.00,15.75,14.45,"54,000","809,400",45,上櫃
6146,耕興,216.50,+3.50,213.00,217.50,212.00,"379,000","81,613,500",287,上櫃
6147,頎邦,215.50,+13.00,211.50,220.50,205.00,"72,214,000","15,529,560,000","37,340",上櫃
6148,驊宏資,28.15,0.00,28.60,28.60,28.00,"131,000","3,693,300",91,上櫃
6150,撼訊,66.00,-1.50,67.50,69.00,65.50,"947,000","63,407,600",664,上櫃
6151,晉倫,42.35,-0.95,43.30,43.80,41.60,"1,029,000","43,688,300",644,上櫃
6154,順發,13.20,0.00,13.20,13.25,13.15,"23,000","303,700",18,上櫃
6156,松上,18.40,-0.05,18.45,18.60,18.25,"333,000","6,119,950",157,上櫃
6158,禾昌,17.95,+0.10,18.10,18.10,17.70,"51,000","915,950",38,上櫃
6160,欣技,16.05,0.00,16.15,16.25,16.00,"24,000","386,900",22,上櫃
6161,捷波,51.00,-1.70,51.70,52.20,50.10,"996,000","50,841,900",759,上櫃
6163,華電網,49.80,-1.30,50.90,52.00,49.45,"1,740,000","87,932,750","1,200",上櫃
6167,久正,11.30,+0.10,11.20,11.35,11.15,"232,000","2,609,600",127,上櫃
6169,昱泉,14.45,+0.10,14.20,14.65,14.20,"33,000","478,050",20,上櫃
6170,統振,50.20,+0.20,50.20,50.60,50.10,"124,000","6,238,100",91,上櫃
6171,大城地產,24.10,-0.15,24.25,24.25,24.00,"28,000","675,100",6,上櫃
6173,信昌電,159.50,-1.00,164.00,173.00,153.50,"3,259,000","530,958,500","1,568",上櫃
6174,安碁,43.45,+3.95,39.00,43.45,39.00,"6,063,000","256,658,550","3,334",上櫃
6175,立敦,81.50,+7.40,73.30,81.50,73.30,"8,607,000","685,116,400","4,881",上櫃
6179,亞通,24.60,+0.30,24.40,25.00,24.30,"1,037,000","25,596,250",474,上櫃
6180,橘子,39.25,+0.25,39.00,39.25,38.90,"288,000","11,254,950",172,上櫃
6182,合晶,57.90,+2.40,56.40,58.00,55.50,"12,513,000","715,017,000","6,877",上櫃
6185,幃翔,14.05,+0.20,13.95,14.10,13.85,"259,000","3,622,700",114,上櫃
6186,新潤,40.00,+0.20,40.20,40.25,39.60,"718,000","28,732,550",387,上櫃
6187,萬潤,"1,085.00",-30.00,"1,100.00","1,125.00","1,070.00","986,000","1,079,795,000",871,上櫃
6188,廣明,80.70,-1.20,82.40,82.80,80.20,"2,584,000","209,531,000","2,001",上櫃
6190,萬泰科,77.60,-0.30,78.10,79.80,77.00,"5,172,000","404,486,800","3,407",上櫃
6194,育富,32.30,+0.25,32.10,32.30,32.00,"110,000","3,526,950",44,上櫃
6195,詩肯,26.15,+0.55,25.90,26.15,25.60,"25,000","644,300",18,上櫃
6198,瑞築,22.30,+0.65,22.30,22.30,22.30,"1,000","22,300",1,上櫃
6199,天品,99.30,-1.70,99.50,101.50,98.80,"527,000","52,533,700",193,上櫃
006201,元大富櫃50,44.00,-0.35,44.35,45.21,43.85,"327,000","14,518,800",134,上櫃
6203,海韻電,69.00,+0.70,68.20,69.50,67.70,"195,000","13,393,100",180,上櫃
6204,艾華,83.50,-0.10,83.20,87.00,83.00,"331,000","28,170,900",292,上櫃
6207,雷科,80.70,-3.20,84.30,91.30,80.50,"35,248,000","3,031,647,300","22,867",上櫃
6208,日揚,93.80,-9.70,100.00,101.50,93.80,"3,621,000","352,296,800","2,674",上櫃
6210,慶生,21.05,-0.10,21.15,21.15,20.70,"26,000","541,300",17,上櫃
6212,理銘,27.30,+0.10,27.20,27.30,27.20,"7,000","190,700",7,上櫃
6217,中探針,239.00,-26.50,239.00,239.00,239.00,"824,000","196,936,000",484,上櫃
6218,豪勉,38.55,-0.80,39.60,40.10,38.50,"972,000","38,147,200",655,上櫃
6219,富旺,12.40,+0.20,12.10,12.55,12.05,"289,000","3,579,600",140,上櫃
6220,岳豐,31.05,+0.95,30.40,31.05,30.00,"457,000","13,904,750",177,上櫃
6221,晉泰,23.00,+0.20,22.80,23.30,22.80,"79,000","1,819,050",63,上櫃
6222,立軒,20.70,-0.30,20.55,20.70,20.55,"5,000","102,950",5,上櫃
6223,旺矽,"5,680.00",-50.00,"5,800.00","6,015.00","5,680.00","986,000","5,751,405,000",934,上櫃
6227,茂綸,114.00,-1.00,116.00,122.00,113.50,"1,675,000","196,682,000","1,334",上櫃
6228,全譜,21.60,-0.70,21.35,22.30,21.35,"8,000","173,250",6,上櫃
6229,研通,26.35,+0.75,25.70,26.90,25.70,"224,000","5,932,500",179,上櫃
6231,系微,278.00,-2.00,285.00,285.50,275.50,"339,000","94,746,000",308,上櫃
6233,旺玖,25.25,+0.35,24.95,25.75,24.85,"266,000","6,734,350",169,上櫃
6234,高僑,43.85,-3.60,47.40,47.40,43.20,"4,852,000","217,626,600","2,720",上櫃
6236,中湛,----,---,----,----,----,0,0,0,上櫃
6237,驊訊,48.55,+1.65,47.15,50.20,47.10,"4,631,000","226,722,800","2,990",上櫃
6240,松崗,17.85,-0.25,18.00,18.00,17.85,"2,000","35,850",2,上櫃
6241,鑫永洋,10.70,+0.20,10.50,10.80,10.30,"85,000","899,200",54,上櫃
6242,立康,37.50,-0.20,37.75,37.75,37.50,"7,000","263,100",6,上櫃
6244,茂迪,28.30,-0.70,29.15,29.20,27.70,"4,686,000","132,913,150","2,525",上櫃
6245,立端,82.60,+1.70,80.80,82.90,80.80,"1,062,000","87,074,100",777,上櫃
6246,臺龍,14.40,-0.25,14.85,14.90,14.35,"57,000","828,950",39,上櫃
6248,沛波,18.25,-0.05,18.30,18.30,18.10,"99,000","1,797,250",38,上櫃
6259,百徽,23.20,+0.80,22.25,23.40,22.20,"247,000","5,700,450",202,上櫃
6261,久元,114.50,-0.50,114.50,118.50,111.50,"3,183,000","365,765,000","2,166",上櫃
6263,普萊德,169.50,-3.00,173.50,173.50,168.00,"138,000","23,463,500",116,上櫃
6264,富裔,6.23,+0.14,6.09,6.42,6.00,"80,000","493,170",60,上櫃
6265,方土昶,41.60,-0.90,42.85,43.00,40.75,"5,286,000","221,939,600","3,210",上櫃
6266,泰詠,27.00,+0.65,26.60,27.20,26.60,"241,000","6,481,200",171,上櫃
6270,倍微,26.15,+0.45,25.90,26.45,25.60,"269,000","7,028,500",179,上櫃
6274,台燿,"1,205.00",-20.00,"1,260.00","1,300.00","1,190.00","1,568,000","1,935,285,000","1,084",上櫃
6275,元山,46.70,-0.35,47.45,47.45,46.70,"246,000","11,538,800",180,上櫃
6276,安鈦克,28.35,+0.25,28.10,28.95,27.50,"64,000","1,802,550",52,上櫃
6279,胡連,117.50,+4.00,113.50,118.50,113.50,"1,235,000","143,772,500",928,上櫃
6284,佳邦,88.00,+2.90,86.00,91.60,86.00,"7,921,000","708,912,400","5,105",上櫃
6290,良維,262.00,-7.50,268.50,273.00,262.00,"4,403,000","1,172,884,500","3,523",上櫃
6291,沛亨,463.00,-9.00,472.00,480.00,460.00,"997,000","467,756,000",889,上櫃
6292,迅德,54.00,+1.00,53.00,56.00,52.60,"349,000","18,864,100",267,上櫃
6294,智基,27.10,+0.10,27.35,27.40,27.00,"52,000","1,408,950",40,上櫃
6411,晶焱,86.00,+3.50,83.00,87.00,81.80,"1,440,000","123,480,900",921,上櫃
6417,韋僑,125.00,-0.50,124.00,125.00,122.00,"138,000","17,089,000",111,上櫃
6418,詠昇,30.10,+0.70,29.75,30.85,29.60,"89,000","2,681,250",80,上櫃
6419,京晨科,143.50,-14.50,147.00,152.00,142.50,"2,006,000","290,257,000","1,456",上櫃
6423,億而得,96.20,-0.90,97.10,99.00,96.00,"115,000","11,173,900",89,上櫃
6425,易發,87.80,-1.00,87.40,90.50,87.10,"2,532,000","224,731,600","1,781",上櫃
6432,今展科,52.70,+3.00,49.40,54.60,49.30,"5,021,000","268,158,050","3,144",上櫃
6435,大中,230.50,+10.00,220.50,239.50,218.50,"1,098,000","253,231,500",957,上櫃
6441,廣錠,24.00,+0.50,23.85,24.10,23.35,"141,000","3,362,550",88,上櫃
6461,益得,16.20,+0.30,16.25,16.55,15.90,"122,000","1,965,350",44,上櫃
6462,神盾,134.50,+3.50,131.50,140.50,130.50,"3,577,000","487,691,000","2,571",上櫃
6465,威潤,48.60,+1.90,46.75,49.20,46.60,"399,000","19,104,200",289,上櫃
6469,大樹,71.00,+0.80,70.20,71.00,69.90,"386,000","27,149,500",285,上櫃
6470,宇智,47.40,+0.40,47.45,47.50,46.70,"32,000","1,507,350",26,上櫃
6474,華豫寧,37.95,+0.25,37.80,38.00,37.50,"47,000","1,770,850",20,上櫃
6482,弘煜科,29.05,+0.45,29.30,30.25,29.00,"9,000","263,700",9,上櫃
6485,點序,112.00,+5.00,109.50,117.50,108.50,"6,214,000","703,759,000","3,860",上櫃
6486,互動,81.20,+0.20,81.00,81.50,81.00,"26,000","2,113,700",26,上櫃
6488,環球晶,638.00,-27.00,684.00,686.00,630.00,"4,433,000","2,882,405,000","3,358",上櫃
6492,生華科,45.80,+0.85,45.00,46.35,44.80,"144,000","6,539,150",116,上櫃
6494,九齊,54.00,+2.80,51.20,54.10,51.20,"293,000","15,603,800",235,上櫃
6496,科懋,24.15,+0.20,23.55,24.15,23.55,"16,000","384,350",8,上櫃
6498,久禾光,105.00,-1.00,107.00,107.00,105.00,"264,000","27,921,500",217,上櫃
6499,益安,94.50,+2.30,94.90,95.90,90.50,"1,422,000","133,422,700",926,上櫃
6506,雙邦,19.00,0.00,18.95,19.10,18.60,"209,000","3,939,000",115,上櫃
6508,惠光,23.30,-0.45,23.30,23.50,23.30,"37,000","867,250",25,上櫃
6509,聚和,47.65,+0.70,47.50,47.80,46.30,"2,893,000","136,660,100","1,690",上櫃
6510,精測,"3,385.00",-75.00,"3,430.00","3,515.00","3,335.00","589,000","2,015,325,000",571,上櫃
6512,啟發電,19.05,-0.15,19.20,19.20,19.05,"6,000","114,950",6,上櫃
6516,勤崴國際,57.10,+1.20,55.90,57.10,55.70,"39,000","2,198,100",33,上櫃
6517,保勝光學,60.50,+0.10,60.40,63.00,60.40,"524,000","32,314,900",413,上櫃
6523,達爾膚,98.80,-0.20,98.80,98.80,98.50,"14,000","1,380,700",12,上櫃
6527,明達醫,70.00,-0.10,70.00,70.00,70.00,"6,000","420,000",6,上櫃
6530,創威,101.00,-0.50,101.50,107.00,101.00,"1,254,000","129,785,000","1,011",上櫃
6532,瑞耘,96.80,-10.70,107.00,107.00,96.80,"3,192,000","319,354,600","2,520",上櫃
6535,順藥,128.00,-1.50,128.00,129.50,127.50,"58,000","7,433,500",48,上櫃
6538,倉和,106.50,+8.60,98.70,107.50,98.60,"1,993,000","207,804,700","1,342",上櫃
6542,隆中,46.15,-0.85,46.15,46.15,46.15,"1,000","46,150",1,上櫃
6546,正基,71.50,+0.50,71.20,72.20,70.10,"727,000","51,729,200",548,上櫃
6547,高端疫苗,48.60,+0.35,48.00,49.40,48.00,"1,656,000","81,019,150","1,018",上櫃
6548,長科*,48.60,+0.10,48.20,50.00,48.00,"2,383,000","116,554,500","1,638",上櫃
6556,勝品,69.80,-0.10,69.70,69.80,69.70,"5,000","348,800",5,上櫃
6560,欣普羅,37.40,-0.10,37.50,37.50,37.05,"41,000","1,532,350",25,上櫃
6561,是方,355.00,+11.50,344.00,359.00,343.00,"155,000","54,421,000",140,上櫃
6568,宏觀,210.50,-0.50,212.00,221.00,207.00,"607,000","130,026,000",510,上櫃
6569,醫揚,95.30,-2.00,99.00,102.00,94.50,"225,000","21,773,700",186,上櫃
6570,維田,44.90,+1.10,44.30,45.25,44.00,"138,000","6,160,200",81,上櫃
6574,霈方,117.50,+10.50,110.00,117.50,107.00,"75,000","8,534,500",63,上櫃
6576,逸達,81.50,+0.30,81.00,82.00,80.90,"72,000","5,850,300",53,上櫃
6577,勁豐,78.50,+1.00,77.50,78.50,77.50,"14,000","1,091,400",12,上櫃
6578,達邦蛋白,17.05,+1.05,16.20,17.60,15.95,"262,000","4,432,550",170,上櫃
6584,南俊國際,628.00,-29.00,652.00,660.00,628.00,"572,000","366,063,000",546,上櫃
6588,東典光電,123.00,-4.00,127.00,130.00,123.00,"745,000","94,134,000",576,上櫃
6590,普鴻,67.00,+0.20,67.00,67.00,67.00,"1,000","67,000",1,上櫃
6593,台灣銘板,35.05,0.00,35.05,35.05,34.80,"21,000","734,750",19,上櫃
6596,寬宏藝術,97.70,+0.90,96.80,97.80,96.70,"86,000","8,357,000",77,上櫃
6597,立誠,73.80,除息,74.80,74.80,73.10,"14,000","1,030,200",12,上櫃
6603,富強鑫,21.55,-0.10,21.75,21.85,21.55,"483,000","10,448,600",252,上櫃
6609,瀧澤科,41.25,-0.95,41.80,42.20,40.80,"275,000","11,353,400",218,上櫃
6612,奈米醫材,74.10,+6.70,67.20,74.10,67.20,"133,000","9,629,600",99,上櫃
6613,朋億*,247.50,-1.00,249.00,255.00,245.00,"189,000","47,022,500",159,上櫃
6615,慧智,32.50,0.00,32.50,32.50,32.40,"5,000","162,200",5,上櫃
6616,特昇-KY,9.76,-0.06,9.70,9.76,9.55,"18,000","174,090",13,上櫃
6617,共信-KY,65.80,+1.20,65.40,66.90,64.10,"176,000","11,497,000",145,上櫃
6620,漢達,76.00,-0.90,78.20,78.60,76.00,"461,000","35,587,800",346,上櫃
6624,萬年清,48.00,+1.00,47.00,48.00,47.00,"6,000","287,000",6,上櫃
6629,泰金-KY,122.50,-0.50,122.50,125.00,122.00,"64,000","7,906,000",39,上櫃
6637,醫影,66.10,-0.10,66.30,66.30,65.70,"20,000","1,319,300",20,上櫃
6640,均華,"1,250.00",-40.00,"1,325.00","1,345.00","1,245.00","286,000","368,685,000",271,上櫃
6642,富致,83.70,-0.60,84.80,88.30,82.70,"4,831,000","412,015,700","3,483",上櫃
6643,M31,563.00,+1.00,561.00,587.00,549.00,"874,000","495,967,000",789,上櫃
6649,台生材,39.60,+0.15,38.90,39.60,38.75,"45,000","1,752,700",28,上櫃
6651,全宇昕,123.00,+6.00,117.00,128.00,116.00,"599,000","74,198,500",524,上櫃
6654,天正國際,97.00,+0.50,96.00,97.00,96.00,"31,000","2,981,600",20,上櫃
6661,威健生技,17.45,0.00,17.45,17.90,17.45,"7,000","123,100",6,上櫃
6662,樂斯科,29.00,-0.40,29.40,29.40,29.00,"4,000","116,600",4,上櫃
6664,群翊,392.50,-11.50,402.00,409.50,392.50,"729,000","290,139,500",615,上櫃
6667,信紘科,251.50,-0.50,251.50,254.00,250.00,"161,000","40,499,500",143,上櫃
6679,鈺太,314.00,+7.50,308.00,323.50,306.00,"643,000","202,875,500",457,上櫃
6680,鑫創電子,53.50,+0.30,53.20,53.90,51.70,"11,000","583,700",7,上櫃
6683,雍智科技,"1,780.00",+160.00,"1,695.00","1,780.00","1,695.00","297,000","523,075,000",193,上櫃
6684,安格,45.45,+1.15,45.00,46.65,44.35,"144,000","6,562,200",128,上櫃
6690,安碁資訊,166.50,-2.00,168.00,169.00,165.00,"93,000","15,501,000",82,上櫃
6692,進能服,28.90,-0.10,29.90,29.90,28.90,"16,000","464,000",8,上櫃
6693,廣閎科,137.00,+0.50,136.50,142.00,135.00,"483,000","66,913,500",379,上櫃
6697,東捷資訊,40.55,-0.55,41.10,41.10,40.50,"49,000","2,000,250",34,上櫃
6703,軒郁,114.00,+0.50,113.50,116.50,113.00,"97,000","11,133,500",73,上櫃
6708,天擎,40.50,+0.50,40.00,41.00,39.60,"28,000","1,133,200",22,上櫃
6712,長聖,133.00,-0.50,132.00,134.00,131.50,"150,000","19,844,000",124,上櫃
6716,應廣,98.10,+7.30,90.80,99.70,90.10,"894,000","86,327,000",679,上櫃
6720,久昌,157.50,-0.50,157.50,159.00,155.00,"98,000","15,427,000",47,上櫃
6721,信實,58.50,0.00,58.00,58.50,57.90,"9,000","522,200",9,上櫃
6725,矽科宏晟,285.50,-4.50,290.00,292.00,284.00,"233,000","66,864,000",199,上櫃
6727,亞泰金屬,496.50,-21.50,531.00,538.00,468.00,"2,925,000","1,477,717,500","2,383",上櫃
6728,上洋,112.00,+2.00,113.00,113.00,110.50,"42,000","4,695,000",23,上櫃
6730,常廣,37.00,-1.00,37.15,37.15,37.00,"16,000","593,150",15,上櫃
6732,昇佳電子,165.00,+2.50,163.50,168.50,162.50,"157,000","26,049,000",137,上櫃
6733,博晟生醫,27.75,-0.10,27.85,28.10,27.55,"147,000","4,073,450",99,上櫃
6735,美達科技,107.50,+1.50,105.00,108.50,104.00,"855,000","90,952,500",623,上櫃
6739,竹陞科技,"1,240.00",+25.00,"1,210.00","1,295.00","1,205.00","280,000","350,925,000",270,上櫃
6741,91APP*-KY,61.80,+0.20,62.40,62.40,61.10,"169,000","10,397,900",128,上櫃
6751,智聯服務,47.00,+0.35,46.65,47.25,46.65,"21,000","985,650",21,上櫃
6752,叡揚,100.00,-0.50,100.00,100.00,98.60,"34,000","3,381,600",31,上櫃
6761,穩得,181.50,+1.50,180.00,186.50,180.00,"337,000","62,017,500",277,上櫃
6762,達亞,190.00,+4.00,195.00,195.00,190.00,"3,000","580,000",3,上櫃
6763,綠界科技*,44.15,-0.45,44.60,44.80,44.15,"257,000","11,403,550",188,上櫃
6767,台微醫,26.95,-0.05,26.95,26.95,26.95,"1,000","26,950",1,上櫃
6785,昱展新藥,124.50,-2.00,126.00,126.00,123.00,"62,000","7,682,500",48,上櫃
6788,華景電,393.00,-11.00,409.00,409.00,393.00,"540,000","214,939,500",505,上櫃
6791,虎門科技,113.00,+0.50,112.50,114.00,112.00,"43,000","4,853,000",35,上櫃
6803,崑鼎,288.00,0.00,288.00,288.00,285.00,"82,000","23,457,500",81,上櫃
6804,明係,15.35,-0.20,15.40,15.55,15.35,"15,000","231,000",12,上櫃
6811,宏碁資訊,205.50,+0.50,205.00,206.00,202.00,"100,000","20,400,500",85,上櫃
6821,聯寶,52.00,+1.10,51.50,53.50,50.90,"917,000","47,986,900",552,上櫃
6823,濾能,79.20,-0.30,78.80,80.10,78.40,"157,000","12,401,400",124,上櫃
6829,千附精密,184.00,-2.00,189.00,189.00,179.00,"186,000","33,749,000",154,上櫃
6840,東研信超,64.20,+1.70,64.80,64.80,61.70,"75,000","4,704,200",67,上櫃
6841,長佳智能,58.80,-0.60,59.40,59.60,58.70,"82,000","4,852,400",75,上櫃
6843,進典,42.50,+1.00,41.00,42.50,41.00,"19,000","782,000",7,上櫃
6844,諾貝兒,66.00,+0.70,64.50,66.00,64.10,"40,000","2,595,500",36,上櫃
6846,綠茵,69.90,-0.10,70.10,70.20,69.50,"9,000","629,600",8,上櫃
6855,數泓科,101.00,-1.50,102.50,102.50,101.00,"15,000","1,519,500",11,上櫃
6856,鑫傳,51.20,+0.20,52.00,52.20,49.00,"7,000","358,200",7,上櫃
6859,伯特光,117.50,-1.00,118.50,119.00,114.00,"173,000","20,028,000",143,上櫃
6865,偉康科技,27.80,0.00,27.85,27.85,27.80,"8,000","222,600",5,上櫃
6870,騰雲,204.00,+9.00,199.50,205.00,194.50,"225,000","45,213,500",202,上櫃
6872,浩宇生醫,18.15,+0.05,18.10,18.20,18.10,"28,000","507,150",14,上櫃
6874,倍力,79.70,+0.20,80.80,80.80,79.20,"23,000","1,834,200",22,上櫃
6875,國邑*,37.55,+0.40,37.75,38.40,37.20,"91,000","3,447,250",80,上櫃
6877,鏵友益,146.50,-0.50,144.50,148.00,141.50,"301,000","43,688,000",206,上櫃
6881,潤德,269.50,-2.00,271.00,271.00,268.50,"8,000","2,158,500",8,上櫃
6884,海柏特,33.10,-0.35,33.05,33.40,33.00,"14,000","463,700",12,上櫃
6894,衛司特,339.50,+3.00,336.50,340.50,328.00,"124,000","41,378,500",112,上櫃
6895,宏碩系統,151.50,-3.00,154.50,157.50,151.00,"50,000","7,702,500",47,上櫃
6899,創為精密,59.40,+0.90,59.00,63.00,58.80,"133,000","8,086,900",123,上櫃
6903,巨漢,370.50,-9.50,382.50,383.50,370.50,"642,000","241,017,000",557,上櫃
6904,伯鑫,113.50,+0.50,113.00,113.50,113.00,"5,000","565,500",4,上櫃
6907,雅特力-KY,109.50,-1.50,111.50,113.50,109.00,"540,000","59,773,000",431,上櫃
6910,德鴻,26.90,+0.50,27.50,27.50,26.45,"25,000","671,400",18,上櫃
6913,鴻呈,129.50,-3.00,132.50,134.00,127.50,"382,000","49,851,000",298,上櫃
6922,宸曜,183.00,+0.50,182.00,184.50,182.00,"44,000","8,049,000",36,上櫃
6925,意藍,58.60,-1.40,60.00,60.80,58.60,"44,000","2,633,500",39,上櫃
6929,佑全,23.20,+0.05,22.80,23.40,22.80,"7,000","161,950",7,上櫃
6953,家碩,247.50,+6.50,242.50,253.50,242.50,"85,000","21,170,000",78,上櫃
6961,旅天下,58.50,0.00,58.50,58.90,58.10,"32,000","1,871,500",25,上櫃
6967,汎瑋材料,71.20,-0.30,72.30,72.40,71.00,"36,000","2,582,000",30,上櫃
6968,萬達寵物,44.00,+0.70,43.85,44.00,43.75,"41,000","1,801,550",34,上櫃
6971,惠民實業,27.45,+0.05,27.15,27.45,27.10,"6,000","163,500",5,上櫃
6982,大井泵浦,51.50,-0.10,52.00,52.50,51.10,"33,000","1,702,300",29,上櫃
6996,力領科技,192.00,+7.00,185.00,192.50,185.00,"300,000","56,963,000",252,上櫃
6997,博弘,67.30,+0.30,67.00,67.30,67.00,"3,000","201,300",2,上櫃
7402,邑錡,93.20,-0.50,95.20,96.90,92.60,"430,000","40,551,300",376,上櫃
7547,碩網,67.70,+3.10,65.00,70.80,64.80,"466,000","32,031,300",356,上櫃
7556,意德士,249.00,-11.00,265.00,266.00,249.00,"153,000","38,925,000",127,上櫃
7584,樂意,27.00,-0.75,27.00,27.10,27.00,"10,000","270,100",10,上櫃
7642,昶瑞機電,67.20,-0.60,67.30,69.40,67.10,"24,000","1,626,500",16,上櫃
7703,銳澤,203.00,-5.00,208.50,210.00,203.00,"141,000","28,931,000",109,上櫃
7704,明遠精密,61.50,-1.90,62.00,63.60,60.30,"200,000","12,308,300",169,上櫃
7708,全家餐飲,92.00,0.00,92.00,92.00,92.00,"2,000","184,000",2,上櫃
7709,榮田,89.00,-3.10,101.00,101.00,88.80,"2,764,000","264,578,100","1,940",上櫃
7712,博盛半導體,167.50,+15.00,155.00,167.50,153.00,"1,983,000","325,757,000","1,303",上櫃
7713,威力德生醫,67.50,-0.30,67.10,67.50,66.90,"21,000","1,410,700",15,上櫃
7714,創泓科技,123.50,0.00,122.50,125.00,122.50,"28,000","3,476,000",24,上櫃
7715,裕山,29.35,+0.90,28.50,29.35,28.25,"61,000","1,751,600",43,上櫃
7716,昱臺國際,24.70,+0.20,24.70,24.70,24.70,"1,000","24,700",1,上櫃
7717,萊德光電-KY,674.00,-9.00,708.00,729.00,670.00,"597,000","418,647,000",554,上櫃
7718,友鋮,49.65,+1.50,48.00,49.65,48.00,"11,000","537,400",8,上櫃
7723,築間,24.90,0.00,25.00,25.20,24.75,"88,000","2,193,900",52,上櫃
7728,光焱科技,695.00,+1.00,695.00,708.00,689.00,"42,000","29,319,000",42,上櫃
7734,印能科技,"3,345.00",+10.00,"3,320.00","3,365.00","3,075.00","396,000","1,276,620,000",374,上櫃
7738,東聯互動,165.00,-2.00,169.00,169.00,165.00,"51,000","8,478,000",30,上櫃
7743,金利食安,19.40,-0.45,19.40,19.40,19.40,"4,000","77,600",1,上櫃
7744,崴寶,490.00,-27.00,520.00,520.00,490.00,"273,000","136,856,500",211,上櫃
7747,昕奇雲端,----,---,----,----,----,0,0,0,上櫃
7751,竑騰,"1,500.00",-110.00,"1,615.00","1,615.00","1,450.00","290,000","436,550,000",241,上櫃
7753,星亞,41.20,-0.35,41.25,41.60,41.00,"13,000","535,800",13,上櫃
7757,金色三麥,103.50,-2.00,106.00,106.00,103.50,"13,000","1,363,000",11,上櫃
7767,仁大資訊,43.45,-0.40,43.30,43.45,43.30,"11,000","477,300",8,上櫃
7770,君曜,40.20,-2.80,39.30,42.55,39.30,"14,000","570,050",14,上櫃
7772,耀穎,150.00,-8.00,163.00,165.00,148.00,"437,000","67,906,500",372,上櫃
7777,能率亞洲,32.75,-1.90,34.60,34.60,32.70,"2,287,000","76,524,300","1,499",上櫃
7782,光速火箭,26.85,-0.10,27.00,27.50,26.30,"14,000","377,150",9,上櫃
7792,安葆,263.50,-1.00,266.00,275.00,262.50,"271,000","72,293,000",194,上櫃
7794,宏碁智新,28.80,-0.20,28.80,28.95,28.65,"52,000","1,499,700",30,上櫃
7805,威聯通,700.00,-5.00,706.00,709.00,700.00,"76,000","53,458,000",63,上櫃
7810,捷創科技,226.50,-15.50,238.00,239.00,224.00,"190,000","43,741,500",183,上櫃
7811,民盛,77.10,-1.30,78.00,78.00,77.10,"20,000","1,553,000",16,上櫃
7820,立盈,134.00,+0.50,133.00,134.00,132.00,"42,000","5,578,500",38,上櫃
7828,創新服務,"1,065.00",-35.00,"1,070.00","1,095.00",990.00,"461,000","473,353,000",349,上櫃
7842,天能綠電,100.50,-1.50,102.50,102.50,100.00,"85,000","8,540,500",48,上櫃
8024,佑華,12.15,+0.10,12.00,12.30,11.95,"56,000","677,150",36,上櫃
8027,鈦昇,240.00,-26.00,260.00,276.50,239.50,"14,405,000","3,638,303,500","10,764",上櫃
8032,光菱,41.20,-0.20,41.20,41.70,40.15,"120,000","4,918,500",102,上櫃
8034,榮群,23.80,+0.05,23.75,23.95,23.70,"145,000","3,455,100",91,上櫃
8038,長園科,40.30,-0.65,40.40,41.00,40.10,"183,000","7,391,350",137,上櫃
8040,九暘,98.70,+8.90,90.60,98.70,90.60,"6,685,000","649,954,700","3,388",上櫃
8042,金山電,116.50,+8.00,111.00,119.00,111.00,"1,664,000","194,707,000",929,上櫃
8043,蜜望實,114.50,+1.00,112.50,124.50,112.50,"36,806,000","4,412,273,500","20,162",上櫃
8044,網家,29.00,+2.15,27.30,29.00,26.15,"4,840,000","133,118,200","2,724",上櫃
8047,星雲,41.70,-3.65,44.50,44.50,41.30,"164,000","6,900,700",153,上櫃
8048,德勝,60.70,+0.10,60.60,62.50,60.60,"340,000","20,770,300",223,上櫃
8049,晶采,26.00,+0.20,25.95,26.10,25.65,"126,000","3,273,300",81,上櫃
8050,廣積,51.30,+2.00,49.60,52.20,49.35,"2,356,000","119,942,200","1,376",上櫃
8054,安國,106.50,+1.00,105.50,112.00,104.50,"4,305,000","466,588,000","2,977",上櫃
8059,凱碩,18.35,+0.25,18.40,18.40,18.00,"239,000","4,348,700",111,上櫃
8064,東捷,123.50,-13.50,139.00,139.00,123.50,"7,022,000","889,270,500","4,715",上櫃
8066,來思達,16.40,+0.35,16.00,16.60,16.00,"101,000","1,655,300",42,上櫃
8067,志旭,----,---,----,----,----,0,0,0,上櫃
8068,全達,20.25,+0.15,20.20,20.65,20.10,"207,000","4,208,800",143,上櫃
8069,元太,230.00,+8.00,222.50,230.00,218.50,"7,050,000","1,588,414,000","5,059",上櫃
8071,能率網通,19.65,-1.35,21.00,21.00,19.40,"2,617,000","52,491,450","1,380",上櫃
8074,鉅橡,72.80,-1.50,74.10,74.60,72.00,"1,243,000","90,844,600",844,上櫃
8076,伍豐,23.65,+0.20,23.55,23.85,23.40,"656,000","15,505,800",321,上櫃
8077,洛碁,----,---,----,----,----,0,0,0,上櫃
8080,泰霖,27.30,0.00,27.30,27.30,27.25,"11,000","300,050",10,上櫃
8083,瑞穎,168.50,-0.50,169.50,171.00,168.00,"42,000","7,095,000",40,上櫃
8084,巨虹,43.30,-0.15,43.50,43.90,42.60,"13,000","561,350",13,上櫃
8085,福華,11.50,+0.40,11.10,11.60,11.10,"322,000","3,675,600",171,上櫃
8086,宏捷科,144.50,+3.00,141.50,146.00,140.50,"3,355,000","482,628,000","2,426",上櫃
8087,麗升能源,34.30,0.00,34.15,34.70,34.15,"39,000","1,340,550",20,上櫃
8088,品安,51.50,-0.70,52.50,52.80,51.50,"1,136,000","58,973,300",815,上櫃
8089,康全電訊,19.90,+0.15,19.80,20.20,19.70,"125,000","2,494,650",87,上櫃
8091,翔名,253.50,-10.00,260.50,261.00,252.00,"728,000","185,988,000",546,上櫃
8092,建暐,17.90,-1.15,20.95,20.95,17.60,"901,000","16,705,500",550,上櫃
8093,保銳,18.35,-0.25,18.60,18.60,18.35,"14,000","258,600",11,上櫃
8096,擎亞,107.50,+2.00,106.00,111.00,103.50,"23,186,000","2,487,152,000","13,017",上櫃
8097,常珵,57.30,+1.90,54.00,58.00,54.00,"198,000","11,191,100",116,上櫃
8099,大世科,60.60,0.00,60.00,61.70,59.50,"83,000","5,000,000",46,上櫃
8102,傑霖科技,63.30,+3.10,61.90,63.30,60.50,"34,000","2,112,700",27,上櫃
8107,大億金茂,11.75,+0.15,11.65,11.80,11.65,"56,000","656,650",29,上櫃
8109,博大,126.50,+11.50,117.00,126.50,116.50,"784,000","96,091,500",567,上櫃
8111,立碁,61.00,-0.50,61.70,62.40,61.00,"1,036,000","63,831,500",658,上櫃
8121,越峰,35.20,+3.20,32.50,35.20,31.65,"3,708,000","129,516,950","1,728",上櫃
8147,正淩,182.50,+1.00,180.00,189.50,178.50,"829,000","152,491,000",626,上櫃
8155,博智,392.00,-7.50,393.00,401.50,387.50,"931,000","366,021,000",765,上櫃
8171,天宇,23.30,-0.20,23.50,23.75,23.00,"121,000","2,812,750",96,上櫃
8176,智捷,9.89,-0.16,10.05,10.05,9.85,"198,000","1,967,970",106,上櫃
8182,加高,36.65,+0.90,36.05,38.00,35.90,"2,482,000","92,308,800","1,734",上櫃
8183,精星,30.20,+0.05,30.15,30.50,30.15,"244,000","7,394,300",149,上櫃
8227,巨有科技,192.50,-2.50,193.00,196.00,190.00,"565,000","108,712,000",485,上櫃
8234,新漢,65.50,-1.70,67.70,67.90,65.00,"804,000","53,227,900",644,上櫃
8240,華宏,61.40,-3.10,65.10,65.60,61.40,"1,114,000","70,396,000",785,上櫃
8255,朋程,156.00,+2.00,157.00,158.00,150.00,"3,760,000","581,476,000","2,766",上櫃
8272,全景軟體,71.50,+0.70,69.70,71.50,69.50,"6,000","419,300",6,上櫃
8277,商丞,6.83,-0.15,6.86,6.92,6.82,"154,000","1,058,510",65,上櫃
8279,生展,97.10,+0.40,96.40,97.50,96.20,"14,000","1,353,100",12,上櫃
8284,三竹,63.20,-0.70,63.10,63.50,63.10,"6,000","380,200",6,上櫃
8289,泰藝,55.30,+1.40,54.80,58.30,54.10,"5,154,000","290,925,700","3,355",上櫃
8291,尚茂,75.40,+6.80,75.40,75.40,75.40,"180,000","13,572,000",106,上櫃
8299,群聯,"2,265.00",-200.00,"2,450.00","2,480.00","2,250.00","12,430,000","29,223,840,000","9,760",上櫃
8342,益張,92.00,+0.80,92.00,92.00,92.00,"1,000","92,000",1,上櫃
8349,恒耀,41.50,+0.05,41.45,41.50,41.00,"61,000","2,517,900",33,上櫃
8349A,恒耀甲特,47.00,-0.30,47.35,47.35,47.00,"8,000","377,950",7,上櫃
8354,冠好,16.40,+0.35,16.20,16.40,16.00,"70,000","1,139,200",44,上櫃
8358,金居,460.00,+31.00,458.00,460.00,448.00,"7,238,000","3,295,305,500","4,725",上櫃
8383,千附,54.90,-0.10,55.00,55.70,54.40,"914,000","50,354,900",677,上櫃
8390,金益鼎,113.00,-1.50,114.00,115.00,111.50,"944,000","107,021,500",645,上櫃
8401,白紗科,23.00,-0.20,23.10,23.20,22.80,"63,000","1,448,700",39,上櫃
8403,盛弘,20.15,+0.40,19.75,20.15,19.65,"188,000","3,735,750",86,上櫃
8409,商之器,18.95,-0.15,19.00,19.00,18.95,"6,000","113,950",6,上櫃
8410,森田,34.65,0.00,34.15,34.65,34.15,"8,000","275,250",8,上櫃
8415,大國鋼,36.45,+0.55,35.95,36.55,35.75,"1,656,000","60,130,100",754,上櫃
8416,實威,173.00,+1.50,171.00,173.00,171.00,"2,000","344,000",2,上櫃
8421,旭源,13.60,0.00,13.60,13.70,13.50,"63,000","853,850",40,上櫃
8423,保綠-KY,17.70,-0.15,17.85,17.90,17.70,"4,000","71,150",4,上櫃
8424,惠普,73.20,0.00,73.20,73.20,72.80,"15,000","1,094,500",8,上櫃
8426,紅木-KY,22.15,-0.95,22.70,22.80,22.00,"249,000","5,583,450",198,上櫃
8431,匯鑽科,57.10,-1.50,58.90,59.10,57.00,"470,000","27,089,300",376,上櫃
8432,東生華,50.60,-0.20,50.80,51.20,50.10,"28,000","1,418,700",25,上櫃
8433,弘帆,52.50,0.00,52.50,52.50,52.10,"13,000","678,900",13,上櫃
8435,鉅邁,56.20,+0.20,56.40,56.50,56.20,"17,000","958,700",13,上櫃
8436,大江,119.50,-0.50,120.00,121.00,118.00,"390,000","46,490,000",267,上櫃
8437,大地-KY,11.35,-0.15,11.40,11.50,11.35,"38,000","432,200",28,上櫃
8440,綠電,22.40,-0.40,22.80,22.80,22.20,"168,000","3,773,550",102,上櫃
8444,綠河-KY,6.80,-0.51,6.62,6.90,6.58,"129,000","860,090",61,上櫃
8446,華研,85.10,+0.30,84.90,85.10,84.80,"56,000","4,756,500",46,上櫃
8450,霹靂,16.00,+0.30,15.90,16.40,15.30,"298,000","4,723,400",64,上櫃
8455,大拓-KY,43.65,+3.95,43.65,43.65,39.70,"417,000","17,881,750",291,上櫃
8472,夠麻吉,71.80,+1.50,70.10,71.80,70.00,"18,000","1,270,900",14,上櫃
8477,創業家,15.40,-0.45,15.60,15.60,15.40,"70,000","1,080,950",34,上櫃
8489,三貝德,25.00,-0.45,25.70,25.70,23.05,"368,000","8,846,050",225,上櫃
8905,裕國,29.50,-0.70,30.20,30.20,29.20,"5,000","147,900",5,上櫃
8906,花王,25.20,+0.10,25.00,25.40,24.50,"73,000","1,820,650",26,上櫃
8908,欣雄,40.65,+0.10,40.05,40.65,40.00,"121,000","4,870,900",65,上櫃
8916,光隆,46.65,+0.05,46.50,46.65,46.40,"41,000","1,907,900",38,上櫃
8917,欣泰,52.80,+1.30,52.60,52.90,51.60,"42,000","2,205,500",21,上櫃
8921,沈氏,18.30,+0.05,18.35,18.35,17.80,"3,000","54,450",3,上櫃
8923,時報,19.00,-0.30,19.00,19.00,19.00,"1,000","19,000",1,上櫃
8924,大田,64.30,+0.30,64.00,64.60,64.00,"43,000","2,765,200",39,上櫃
8927,北基,19.55,-0.20,19.60,19.90,18.80,"494,000","9,531,450",267,上櫃
8928,鉅明,21.55,-0.30,21.85,21.85,21.40,"32,000","688,000",19,上櫃
8929,富堡,14.55,-0.05,14.55,14.55,14.50,"21,000","305,450",4,上櫃
8930,青鋼,28.40,0.00,28.50,28.50,28.40,"24,000","682,000",19,上櫃
8931,大汽電,41.90,-0.30,42.15,42.15,41.10,"46,000","1,921,300",25,上櫃
8932,智通*,98.90,-3.10,101.50,101.50,96.40,"4,780,000","471,719,200","2,521",上櫃
8933,愛地雅,4.38,-0.48,4.38,4.38,4.38,"923,000","4,042,740",426,上櫃
8935,邦泰,19.65,-0.40,20.15,20.15,19.60,"360,000","7,148,750",188,上櫃
8936,國統,49.40,-0.05,49.55,49.65,49.35,"1,133,000","56,040,650",748,上櫃
8937,合騏*,31.80,+1.00,30.80,32.45,30.65,"181,000","5,673,950",134,上櫃
8938,明安,54.10,-0.40,54.50,54.50,54.00,"123,000","6,658,300",85,上櫃
8941,關中,44.40,-0.10,43.50,44.40,43.50,"9,000","397,000",9,上櫃
8942,森鉅,41.20,-0.85,42.00,42.20,40.90,"381,000","15,798,500",234,上櫃
009806,台新標普500,12.97,-0.03,13.00,13.00,12.95,"44,000","570,480",18,上櫃
009807,台新標普科技精選,15.55,+0.04,15.55,15.61,15.52,"35,000","544,590",11,上櫃
009814,富邦標普500,10.83,-0.02,10.85,10.85,10.82,"1,081,000","11,706,130",242,上櫃
009815,大華美國MAG7+,11.12,-0.05,11.12,11.16,11.10,"5,406,000","60,154,970","1,039",上櫃
9949,琉園,23.35,-0.20,23.55,23.55,22.90,"20,000","463,600",18,上櫃
9950,萬國通,11.20,-0.10,11.30,11.35,10.90,"115,000","1,279,400",50,上櫃
9951,皇田,53.10,+0.20,53.00,53.60,53.00,"40,000","2,127,100",34,上櫃
9960,邁達康,31.25,-0.15,30.40,31.85,29.65,"136,000","4,127,150",91,上櫃
9962,有益,9.41,-0.07,9.35,9.47,9.30,"29,000","270,890",16,上櫃
020001,富邦存股雙十N,----,---,----,----,----,0,0,0,上櫃
020025,統一亞洲半導體N,33.67,-0.45,34.03,34.23,33.43,"87,000","2,950,760",35,上櫃
020027,元大上櫃ESG成長N,9.97,+0.01,10.18,10.18,9.97,"8,000","80,640",4,上櫃
020033,統一恒生科期N,----,---,----,----,----,0,0,0,上櫃
020035,元大上櫃ESG高息N,----,---,----,----,----,0,0,0,上櫃
020040,元大上櫃ESG龍頭N,----,---,----,----,----,0,0,0,上櫃
020041,兆豐半導體氣候N,17.68,-0.12,18.21,18.21,17.60,"13,000","232,250",7,上櫃
